id	sec	std	jn	jb
L2U-0001	식당주문	여기 주문 받아 주세요	여그 주문 받아 주쇼	여그 주문 받아 주쇼
L2U-0002	식당주문	이거 하나 주세요	요거 하나 주쇼잉	요거 하나 주쇼잉
L2U-0003	식당주문	뭐가 제일 맛있어요?	뭐시 젤로 맛있당가요?	뭐가 젤로 맛있당가요?
L2U-0004	식당주문	이거 양이 많아요?	요거 양이 많소?	요거 양이 많소?
L2U-0005	식당주문	곱빼기로 주세요	곱빼기로 주씨요	곱빼기로 주씨요
L2U-0006	식당주문	덜 맵게 해 주세요	안 맵게 해 주쇼	안 맵게 해 주쇼
L2U-0007	식당주문	국물 더 주세요	국물 좀 더 주랑께요	국물 좀 더 주랑게요
L2U-0008	식당주문	반찬 더 주실 수 있어요?	반찬 좀 더 주실라요?	반찬 좀 더 주실라요?
L2U-0009	식당주문	이거 둘이 먹어도 돼요?	요거 둘이 묵어도 되까요?	요거 둘이 먹어도 되까요?
L2U-0010	식당주문	빨리 좀 해 주세요	후딱 좀 해 주쇼	후딱 좀 해 주쇼
L2U-0011	식당주문	아직 안 나왔어요	아직도 안 나와브렀소	아직도 안 나와버렸어라우
L2U-0012	식당주문	이건 안 시켰는데요	요건 안 시켰는디요	요건 안 시켰는디요
L2U-0013	식당주문	숟가락 하나 더 주세요	숟구락 하나 더 주씨요	숟구락 하나 더 주씨요
L2U-0014	식당주문	여기 물 좀 주세요	여그 물 좀 주쇼잉	여그 물 좀 주쇼잉
L2U-0015	식당주문	다 먹었으니 치워 주세요	다 묵었응께 치와 주쇼	다 먹었응게 치와 주쇼
L2U-0016	식당주문	포장도 돼요?	싸 갖고 가도 되까요?	싸 갖고 가도 되까요?
L2U-0017	식당주문	너무 짜요	허벌나게 짜브요	허벌나게 짜요
L2U-0018	식당주문	잘 먹었습니다	겁나게 잘 묵었구만이라	겁나게 잘 먹었구만이라
L2U-0019	식당주문	자리 좀 옮겨도 될까요?	자리 좀 옴겨도 되까요?	자리 좀 옮겨도 되까요?
L2U-0020	식당주문	메뉴판 좀 다시 주세요	메뉴판 좀 다시 주쇼	메뉴판 좀 다시 주쇼
L2U-0021	식당주문	이거 맵지 않아요?	요거 맵지 않소?	요거 맵지 않소?
L2U-0022	식당주문	고기 좀 더 구워 주세요	괴기 좀 더 꾸 주쇼	괴기 좀 더 꾸 주쇼
L2U-0023	식당주문	공기밥 하나 추가요	공기밥 하나 더 주쇼잉	공기밥 하나 더 주쇼잉
L2U-0024	식당주문	이 집은 뭐가 유명해요?	요 집은 뭐시 유명항가요?	요 집은 뭐가 유명항가요?
L2U-0025	식당주문	좀 식혀서 주세요	좀 식혀서 주쇼	좀 식혀서 주쇼
L2U-0026	식당주문	간이 좀 센데요	간이 좀 쎄구만이라	간이 좀 쎄구만이라
L2U-0027	식당주문	이거 리필 되나요?	요거 또 주는 거요?	요거 또 주는 거요?
L2U-0028	식당주문	앞접시 좀 주세요	앞접시 좀 주쇼잉	앞접시 좀 주쇼잉
L2U-0029	식당주문	덜 익은 것 같아요	덜 익은 거 같소	덜 익은 거 같소
L2U-0030	식당주문	매운 거 빼고 주세요	매운 거 빼고 주쇼	매운 거 빼고 주쇼
L2U-0031	식당주문	두 명인데 자리 있어요?	둘인디 자리 있소?	둘인디 자리 있소?
L2U-0032	식당주문	이거 데워 주세요	요거 뎁혀 주쇼	요거 뎁혀 주쇼
L2U-0033	식당주문	계산은 따로 할게요	곈산은 따로 헐라요	계산은 따로 헐라요
L2U-0034	식당주문	주문한 거 언제 나와요?	시킨 거 언제 나온당가요?	시킨 거 언제 나온당가요?
L2U-0035	식당주문	이거 두 개 주세요	요거 두 개 주쇼잉	요거 두 개 주쇼잉
L2U-0036	식당주문	맵게 해 주세요	맵게 해 주쇼	맵게 해 주쇼
L2U-0037	식당주문	소금 좀 주세요	소금 좀 주쇼잉	소금 좀 주쇼잉
L2U-0038	식당주문	김치 좀 더 주세요	짐치 좀 더 주쇼	짐치 좀 더 주쇼
L2U-0039	식당주문	물 한 잔 더 주세요	물 한 잔 더 주씨요	물 한 잔 더 주씨요
L2U-0040	식당주문	이거 무슨 맛이에요?	요거 뭔 맛이당가요?	요거 뭔 맛이당가요?
L2U-0041	식당주문	양 좀 적게 주세요	양 좀 쪼깐 주쇼	양 좀 쪼깐 주쇼
L2U-0042	식당주문	이거 포장해 주세요	요거 싸 주쇼	요거 싸 주쇼
L2U-0043	식당주문	수저 좀 갖다 주세요	수저 좀 갖다 주쇼잉	수저 좀 갖다 주쇼잉
L2U-0044	식당주문	이거 너무 뜨거워요	요거 허벌나게 뜨겁소	요거 허벌나게 뜨겁소
L2U-0045	식당주문	좀 천천히 주셔도 돼요	좀 찬찬히 주셔도 되야라	좀 찬찬히 주셔도 되야라
L2U-0046	식당주문	추가 주문 할게요	더 시킬라요	더 시킬라요
L2U-0047	식당주문	이거 빼 주세요	요거 빼 주쇼	요거 빼 주쇼
L2U-0048	식당주문	밥 좀 더 주세요	밥 좀 더 주쇼잉	밥 좀 더 주쇼잉
L2U-0049	식당주문	이거 다시 데워 주세요	요거 다시 뎁혀 주쇼	요거 다시 뎁혀 주쇼
L2U-0050	식당주문	계산서 주세요	곈산서 주쇼	계산서 주쇼
L2U-0051	식당주문	면 좀 더 주세요	면 좀 더 주쇼잉	면 좀 더 주쇼잉
L2U-0052	식당주문	덜 짜게 해 주세요	안 짜게 해 주쇼	안 짜게 해 주쇼
L2U-0053	식당주문	이거 맛이 좀 이상해요	요거 맛이 좀 요상허요	요거 맛이 좀 요상허요
L2U-0054	식당주문	세트로 주세요	세트로 주쇼	세트로 주쇼
L2U-0055	식당주문	단품으로 주세요	단품으로 주쇼잉	단품으로 주쇼잉
L2U-0056	식당주문	이거 양념 발라 주세요	요거 양님 발라 주쇼	요거 양념 발라 주쇼
L2U-0057	식당주문	안 맵게 부탁해요	안 맵게 해 주쇼잉	안 맵게 해 주쇼잉
L2U-0058	식당주문	이거 환불해 주세요	요거 무러 주쇼	요거 물러 주쇼
L2U-0059	식당주문	주문 취소할게요	시킨 거 무를라요	시킨 거 무를라요
L2U-0060	식당주문	음료는 뭐 있어요?	음료는 뭐 있당가요?	음료는 뭐 있당가요?
L2U-0061	식당주문	콜라 하나 주세요	콜라 하나 주쇼잉	콜라 하나 주쇼잉
L2U-0062	식당주문	사이다로 바꿔 주세요	사이다로 바까 주쇼	사이다로 바까 주쇼
L2U-0063	식당주문	이거 몇 인분이에요?	요거 멫 인분이당가요?	요거 멫 인분이당가요?
L2U-0064	식당주문	일 인분만 돼요?	한 사람치만 되까요?	한 사람치만 되까요?
L2U-0065	식당주문	더 시킬게요	더 시킬랑께요	더 시킬랑게요
L2U-0066	식당주문	그만 주세요	고만 주쇼	고만 주쇼
L2U-0067	식당주문	이거 매진이에요?	요거 다 폴렸당가요?	요거 다 팔렸당가요?
L2U-0068	식당주문	다른 거 추천해 주세요	딴 거 추천해 주쇼	딴 거 추천해 주쇼
L2U-0069	식당주문	이거 제일 인기 많아요?	요거 젤로 잘 나가당가요?	요거 젤로 잘 나가당가요?
L2U-0070	식당주문	양념 따로 주세요	양님 따로 주쇼잉	양념 따로 주쇼잉
L2U-0071	식당주문	소스 더 주세요	소스 더 주쇼	소스 더 주쇼
L2U-0072	식당주문	이거 차게 해 주세요	요거 차게 해 주쇼	요거 차게 해 주쇼
L2U-0073	식당주문	면 불었어요	면 다 불어브렀소	면 다 불어버렸어라우
L2U-0074	식당주문	좀 짜게 해 주세요	좀 짜게 해 주쇼잉	좀 짜게 해 주쇼잉
L2U-0075	식당주문	이거 새로 해 주세요	요거 새로 해 주쇼	요거 새로 해 주쇼
L2U-0076	식당주문	덜 익혀 주세요	덜 익혀 주쇼	덜 익혀 주쇼
L2U-0077	식당주문	바싹 익혀 주세요	빠짝 익혀 주쇼잉	빠짝 익혀 주쇼잉
L2U-0078	식당주문	이거 그릇 좀 바꿔 주세요	요거 그륵 좀 바까 주쇼	요거 그륵 좀 바까 주쇼
L2U-0079	식당주문	젓가락 떨어뜨렸어요	저까락 떨어트렸소	저까락 떨어트렸소
L2U-0080	식당주문	휴지 좀 주세요	휴지 좀 주쇼잉	휴지 좀 주쇼잉
L2U-0081	식당주문	이거 다 먹을 수 있어요	요거 다 묵을 수 있소	요거 다 먹을 수 있소
L2U-0082	식당주문	남은 거 싸 주세요	냉긴 거 싸 주쇼	냉긴 거 싸 주쇼
L2U-0083	식당주문	이거 더 익혀야 돼요	요거 더 익혀야 쓰겄소	요거 더 익혀야 쓰겄소
L2U-0084	식당주문	국물만 더 주세요	국물만 더 주쇼잉	국물만 더 주쇼잉
L2U-0085	식당주문	건더기 좀 더 주세요	건더기 좀 더 주쇼	건더기 좀 더 주쇼
L2U-0086	식당주문	덜 달게 해 주세요	안 달게 해 주쇼	안 달게 해 주쇼
L2U-0087	식당주문	맵기 조절돼요?	매운 거 조절되까요?	매운 거 조절되까요?
L2U-0088	식당주문	보통 맛으로 주세요	보통 맛으로 주쇼잉	보통 맛으로 주쇼잉
L2U-0089	식당주문	순한 맛 있어요?	순한 맛 있당가요?	순한 맛 있당가요?
L2U-0090	식당주문	이거 양 늘려 주세요	요거 양 늘려 주쇼	요거 양 늘려 주쇼
L2U-0091	식당주문	어린이 메뉴 있어요?	애기 메뉴 있당가요?	애기 메뉴 있당가요?
L2U-0092	식당주문	이거 채식도 돼요?	요거 채식도 되까요?	요거 채식도 되까요?
L2U-0093	식당주문	따로따로 포장해 주세요	따로따로 싸 주쇼	따로따로 싸 주쇼
L2U-0094	식당주문	같이 담아 주세요	같이 담아 주쇼잉	같이 담아 주쇼잉
L2U-0095	식당주문	이거 뜨겁게 데워 주세요	요거 뜨시게 뎁혀 주쇼	요거 뜨시게 뎁혀 주쇼
L2U-0096	식당주문	반찬 리필 돼요?	반찬 또 주는 거요?	반찬 또 주는 거요?
L2U-0097	식당주문	물수건 좀 주세요	물수건 좀 주쇼잉	물수건 좀 주쇼잉
L2U-0098	식당주문	이거 매워서 못 먹겠어요	요거 매와서 못 묵겄소	요거 매와서 못 먹겄소
L2U-0099	식당주문	좀 데워서 다시 주세요	좀 뎁혀서 다시 주쇼	좀 뎁혀서 다시 주쇼
L2U-0100	식당주문	양파 빼 주세요	양파 빼 주쇼잉	양파 빼 주쇼잉
L2U-0101	식당주문	오이 빼 주세요	오이 빼 주쇼	오이 빼 주쇼
L2U-0102	식당주문	고수 빼 주세요	고수 빼 주쇼잉	고수 빼 주쇼잉
L2U-0103	식당주문	계란 추가해 주세요	계란 더 옇어 주쇼	계란 더 옇어 주쇼
L2U-0104	식당주문	치즈 추가요	치즈 더 주쇼잉	치즈 더 주쇼잉
L2U-0105	식당주문	곱빼기 돼요?	곱빼기 되까요?	곱빼기 되까요?
L2U-0106	식당주문	이거 얼마나 기다려요?	요거 을매나 지달리당가요?	요거 을매나 지달리당가요?
L2U-0107	식당주문	빨리 되는 거 뭐 있어요?	후딱 되는 거 뭐 있당가요?	후딱 되는 거 뭐 있당가요?
L2U-0108	식당주문	포장 시간 얼마나 걸려요?	싸는 디 을매나 걸린당가요?	싸는 디 을매나 걸린당가요?
L2U-0109	식당주문	매장에서 먹을게요	여그서 묵을라요	여그서 먹을라요
L2U-0110	식당주문	이거 데우지 마세요	요거 뎁히지 마쇼	요거 뎁히지 마쇼
L2U-0111	식당주문	소금 빼고 해 주세요	소금 빼고 해 주쇼	소금 빼고 해 주쇼
L2U-0112	식당주문	이거 두 그릇 주세요	요거 두 그륵 주쇼잉	요거 두 그륵 주쇼잉
L2U-0113	식당주문	덜 짜고 덜 맵게요	안 짜고 안 맵게라	안 짜고 안 맵게라
L2U-0114	식당주문	이거 환불되나요?	요거 무를 수 있당가요?	요거 무를 수 있당가요?
L2U-0115	식당주문	음식이 잘못 나왔어요	음석이 잘못 나와브렀소	음석이 잘못 나와버렸어라우
L2U-0116	식당주문	다시 만들어 주세요	다시 맹글어 주쇼	다시 맹글어 주쇼
L2U-0117	식당주문	이거 상한 것 같아요	요거 상한 거 같소	요거 상한 거 같소
L2U-0118	식당주문	머리카락 나왔어요	머리끄댕이 나와브렀소	머리끄댕이 나와버렸어라우
L2U-0119	식당주문	자리 좀 닦아 주세요	자리 좀 딲아 주쇼	자리 좀 딲아 주쇼
L2U-0120	식당주문	의자 하나 더 주세요	으자 하나 더 주쇼잉	으자 하나 더 주쇼잉
L2U-0121	식당주문	아기 의자 있어요?	애기 으자 있당가요?	애기 으자 있당가요?
L2U-0122	식당주문	이거 나눠 먹을게요	요거 노놔 묵을라요	요거 노놔 먹을라요
L2U-0123	식당주문	앞치마 좀 주세요	앞치매 좀 주쇼	앞치매 좀 주쇼
L2U-0124	식당주문	이거 포장 용기에 담아 주세요	요거 그륵에 담아 주쇼	요거 그륵에 담아 주쇼
L2U-0125	식당주문	국물 흘렸어요	국물 쏟아브렀소	국물 쏟아버렸어라우
L2U-0126	식당주문	이거 좀 잘라 주세요	요거 좀 짤라 주쇼	요거 좀 짤라 주쇼
L2U-0127	식당주문	가위 좀 주세요	가새 좀 주쇼잉	가새 좀 주쇼잉
L2U-0128	식당주문	집게 좀 주세요	집게 좀 주쇼	집게 좀 주쇼
L2U-0129	식당주문	불 좀 줄여 주세요	불 좀 쪼까 줄여 주쇼	불 좀 쪼까 줄여 주쇼
L2U-0130	식당주문	불 좀 키워 주세요	불 좀 키와 주쇼잉	불 좀 키와 주쇼잉
L2U-0131	식당주문	이거 다 익었어요?	요거 다 익었당가요?	요거 다 익었당가요?
L2U-0132	식당주문	더 구워야 돼요?	더 꾸야 쓰까요?	더 꾸야 쓰까요?
L2U-0133	식당주문	상추 좀 더 주세요	상추 좀 더 주쇼	상추 좀 더 주쇼
L2U-0134	식당주문	쌈장 좀 더 주세요	쌈장 좀 더 주쇼잉	쌈장 좀 더 주쇼잉
L2U-0135	식당주문	마늘 좀 주세요	마널 좀 주쇼	마널 좀 주쇼
L2U-0136	식당주문	고추 좀 주세요	꼬추 좀 주쇼잉	꼬추 좀 주쇼잉
L2U-0137	식당주문	이거 너무 느끼해요	요거 허벌나게 누리허요	요거 허벌나게 누리허요
L2U-0138	식당주문	사이드 메뉴 추가요	사이드 메뉴 더 주쇼	사이드 메뉴 더 주쇼
L2U-0139	식당주문	이거 두 개째예요	요거 두 개째라	요거 두 개째라
L2U-0140	식당주문	처음부터 다시 주세요	첨부터 다시 주쇼	첨부터 다시 주쇼
L2U-0141	식당주문	이 메뉴 없어졌어요?	요 메뉴 읎어졌당가요?	요 메뉴 읎어졌당가요?
L2U-0142	식당주문	신메뉴 있어요?	새 메뉴 있당가요?	새 메뉴 있당가요?
L2U-0143	식당주문	가장 빨리 되는 거 주세요	젤로 후딱 되는 거 주쇼	젤로 후딱 되는 거 주쇼
L2U-0144	식당주문	이거 양 줄여 주세요	요거 양 줄여 주쇼잉	요거 양 줄여 주쇼잉
L2U-0145	식당주문	밥 없이 주세요	밥 읎이 주쇼	밥 읎이 주쇼
L2U-0146	식당주문	면만 주세요	면만 주쇼잉	면만 주쇼잉
L2U-0147	식당주문	국물 없이 주세요	국물 읎이 주쇼	국물 읎이 주쇼
L2U-0148	식당주문	덜 기름지게 해 주세요	안 누리하게 해 주쇼	안 누리하게 해 주쇼
L2U-0149	식당주문	이거 다시 가져갈게요	요거 도로 갖고 갈라요	요거 도로 갖고 갈라요
L2U-0150	식당주문	잘 먹고 갑니다	잘 묵고 가요잉	잘 먹고 가요잉
L2U-0151	카페주문	따뜻한 걸로 주세요	뜨신 놈으로 주쇼	뜨신 놈으로 주쇼
L2U-0152	카페주문	차가운 거 있어요?	찬 거 있당가요?	찬 거 있당가요?
L2U-0153	카페주문	큰 사이즈로 해 주세요	큰 놈으로 해 주씨요	큰 놈으로 해 주씨요
L2U-0154	카페주문	얼음 빼 주세요	얼음 빼 주쇼잉	얼음 빼 주쇼잉
L2U-0155	카페주문	덜 달게 해 주세요	안 달게 해 주쇼	안 달게 해 주쇼
L2U-0156	카페주문	한 잔에 얼마예요?	한 잔에 을매당가요?	한 잔에 을매당가요?
L2U-0157	카페주문	휘핑 많이 올려 주세요	휘핑 솔찬히 올려 주쇼	휘핑 솔찬히 올려 주쇼
L2U-0158	카페주문	빨대 어디 있어요?	빨대 어디 있소?	빨대 어디 있소?
L2U-0159	카페주문	여기서 마시고 갈게요	여그서 묵고 갈라요	여그서 먹고 갈라요
L2U-0160	카페주문	테이크아웃이요	들고 나갈랑께요	들고 나갈랑게요
L2U-0161	카페주문	진동벨 울리면 가지러 가요?	벨 울리믄 가질러 간당가요?	벨 울리믄 가질러 간당가요?
L2U-0162	카페주문	자리 있어요?	앉을 디 있소?	앉을 디 있소?
L2U-0163	카페주문	시럽 추가해 주세요	시럽 더 옇어 주쇼	시럽 더 옇어 주쇼
L2U-0164	카페주문	우유로 바꿔 주세요	우유로 바까 주쇼	우유로 바까 주쇼
L2U-0165	카페주문	이거 디카페인 있어요?	요거 디카페인 있당가요?	요거 디카페인 있당가요?
L2U-0166	카페주문	컵 좀 바꿔 주세요	컵 좀 바까 주쇼잉	컵 좀 바까 주쇼잉
L2U-0167	카페주문	따뜻한 물 좀 주세요	뜨신 물 좀 주쇼	뜨신 물 좀 주쇼
L2U-0168	카페주문	케이크도 같이 주세요	케이크도 같이 주쇼	케이크도 같이 주쇼
L2U-0169	카페주문	덜 뜨겁게 해 주세요	안 뜨겁게 해 주쇼	안 뜨겁게 해 주쇼
L2U-0170	카페주문	조각 케이크 하나 주세요	쪼가리 케이크 하나 주쇼	쪼가리 케이크 하나 주쇼
L2U-0171	카페주문	머그잔에 주세요	머그잔에 주쇼잉	머그잔에 주쇼잉
L2U-0172	카페주문	일회용 컵에 주세요	일회용 컵에 주쇼	일회용 컵에 주쇼
L2U-0173	카페주문	샷 추가해 주세요	샷 더 옇어 주쇼	샷 더 옇어 주쇼
L2U-0174	카페주문	연하게 해 주세요	슴슴하게 해 주쇼잉	슴슴하게 해 주쇼잉
L2U-0175	카페주문	진하게 해 주세요	찐하게 해 주쇼	찐하게 해 주쇼
L2U-0176	카페주문	얼음 조금만요	얼음 쪼깐만이라	얼음 쪼깐만이라
L2U-0177	카페주문	얼음 많이요	얼음 솔찬히라	얼음 솔찬히라
L2U-0178	카페주문	따뜻하게 두 잔이요	뜨시게 두 잔이라	뜨시게 두 잔이라
L2U-0179	카페주문	차갑게 한 잔이요	차게 한 잔이라	차게 한 잔이라
L2U-0180	카페주문	이거 무슨 음료예요?	요거 뭔 음료당가요?	요거 뭔 음료당가요?
L2U-0181	카페주문	제일 안 단 거 뭐예요?	젤로 안 단 거 뭐당가요?	젤로 안 단 거 뭐당가요?
L2U-0182	카페주문	카페인 없는 거 있어요?	카페인 읎는 거 있당가요?	카페인 읎는 거 있당가요?
L2U-0183	카페주문	사이즈 업 해 주세요	크게 해 주쇼	크게 해 주쇼
L2U-0184	카페주문	작은 걸로 주세요	짝은 놈으로 주쇼잉	짝은 놈으로 주쇼잉
L2U-0185	카페주문	두 잔 다 따뜻하게요	두 잔 다 뜨시게라	두 잔 다 뜨시게라
L2U-0186	카페주문	얼음물 한 잔 주세요	얼음물 한 잔 주쇼	얼음물 한 잔 주쇼
L2U-0187	카페주문	빨대 두 개 주세요	빨대 두 개 주쇼잉	빨대 두 개 주쇼잉
L2U-0188	카페주문	캐리어에 담아 주세요	캐리어에 담아 주쇼	캐리어에 담아 주쇼
L2U-0189	카페주문	휴지 좀 주세요	휴지 좀 주쇼잉	휴지 좀 주쇼잉
L2U-0190	카페주문	이거 리필 돼요?	요거 또 주는 거요?	요거 또 주는 거요?
L2U-0191	카페주문	따뜻한 거 식었어요	뜨신 거 식어브렀소	뜨신 거 식어버렸어라우
L2U-0192	카페주문	이거 너무 싱거워요	요거 허벌나게 슴슴허요	요거 허벌나게 슴슴허요
L2U-0193	카페주문	너무 달아요	허벌나게 달아브요	허벌나게 달아요
L2U-0194	카페주문	다시 만들어 주세요	다시 맹글어 주쇼	다시 맹글어 주쇼
L2U-0195	카페주문	컵 홀더 좀 주세요	컵 홀더 좀 주쇼잉	컵 홀더 좀 주쇼잉
L2U-0196	카페주문	뚜껑 좀 주세요	뚜껑 좀 주쇼	뚜껑 좀 주쇼
L2U-0197	카페주문	이거 포장돼요?	요거 싸 가도 되까요?	요거 싸 가도 되까요?
L2U-0198	카페주문	디저트 뭐 있어요?	디저트 뭐 있당가요?	디저트 뭐 있당가요?
L2U-0199	카페주문	빵도 데워 줘요?	빵도 뎁혀 주는 거요?	빵도 뎁혀 주는 거요?
L2U-0200	카페주문	이거 따뜻하게 데워 주세요	요거 뜨시게 뎁혀 주쇼	요거 뜨시게 뎁혀 주쇼
L2U-0201	카페주문	우유 빼 주세요	우유 빼 주쇼잉	우유 빼 주쇼잉
L2U-0202	카페주문	두유로 바꿔 주세요	두유로 바까 주쇼	두유로 바까 주쇼
L2U-0203	카페주문	시럽 빼 주세요	시럽 빼 주쇼잉	시럽 빼 주쇼잉
L2U-0204	카페주문	얼음 따로 주세요	얼음 따로 주쇼	얼음 따로 주쇼
L2U-0205	카페주문	물 더 넣어 주세요	물 더 옇어 주쇼잉	물 더 옇어 주쇼잉
L2U-0206	카페주문	이거 두 잔 주세요	요거 두 잔 주쇼	요거 두 잔 주쇼
L2U-0207	카페주문	한 잔만 주세요	한 잔만 주쇼잉	한 잔만 주쇼잉
L2U-0208	카페주문	덜 차갑게 해 주세요	안 차게 해 주쇼	안 차게 해 주쇼
L2U-0209	카페주문	이거 무슨 차예요?	요거 뭔 차당가요?	요거 뭔 차당가요?
L2U-0210	카페주문	녹차 있어요?	녹차 있당가요?	녹차 있당가요?
L2U-0211	카페주문	아이스로 주세요	아이스로 주쇼잉	아이스로 주쇼잉
L2U-0212	카페주문	핫으로 주세요	뜨신 거로 주쇼	뜨신 거로 주쇼
L2U-0213	카페주문	얼음 가득 채워 주세요	얼음 꽉 채와 주쇼	얼음 꽉 채와 주쇼
L2U-0214	카페주문	미지근하게 해 주세요	미적지근하게 해 주쇼잉	미적지근하게 해 주쇼잉
L2U-0215	카페주문	빨대 필요 없어요	빨대 필요 읎소	빨대 필요 읎소
L2U-0216	카페주문	캐리어 하나 주세요	캐리어 하나 주쇼	캐리어 하나 주쇼
L2U-0217	카페주문	두 잔 따로 담아 주세요	두 잔 따로 담아 주쇼잉	두 잔 따로 담아 주쇼잉
L2U-0218	카페주문	이거 새로 만들어 주세요	요거 새로 맹글어 주쇼	요거 새로 맹글어 주쇼
L2U-0219	카페주문	컵에 이름 적어 주세요	컵에 이름 적어 주쇼	컵에 이름 적어 주쇼
L2U-0220	카페주문	이거 진동벨이에요?	요거 벨이당가요?	요거 벨이당가요?
L2U-0221	카페주문	화장실 어디예요?	변소 어디당가요?	변소 어디당가요?
L2U-0222	카페주문	와이파이 돼요?	와이파이 되까요?	와이파이 되까요?
L2U-0223	카페주문	콘센트 어디 있어요?	콘센트 어디 있당가요?	콘센트 어디 있당가요?
L2U-0224	카페주문	이거 데워 줄 수 있어요?	요거 뎁혀 줄 수 있당가요?	요거 뎁혀 줄 수 있당가요?
L2U-0225	카페주문	빵 하나 주세요	빵 하나 주쇼잉	빵 하나 주쇼잉
L2U-0226	카페주문	이거 얼마나 걸려요?	요거 을매나 걸린당가요?	요거 을매나 걸린당가요?
L2U-0227	카페주문	좀 빨리 돼요?	좀 후딱 되까요?	좀 후딱 되까요?
L2U-0228	카페주문	포인트 적립해 주세요	포인트 쌓아 주쇼	포인트 쌓아 주쇼
L2U-0229	카페주문	쿠폰 쓸게요	쿠폰 쓸라요	쿠폰 쓸라요
L2U-0230	카페주문	이거 무료예요?	요거 공짜당가요?	요거 공짜당가요?
L2U-0231	카페주문	머핀도 주세요	머핀도 주쇼잉	머핀도 주쇼잉
L2U-0232	카페주문	따뜻한 라떼 주세요	뜨신 라떼 주쇼	뜨신 라떼 주쇼
L2U-0233	카페주문	아이스 아메리카노요	아이스 아메리카노라	아이스 아메리카노라
L2U-0234	카페주문	설탕 좀 주세요	설탕 좀 주쇼잉	설탕 좀 주쇼잉
L2U-0235	카페주문	스푼 하나 주세요	스푼 하나 주쇼	스푼 하나 주쇼
L2U-0236	카페주문	이거 따뜻하게 다시요	요거 뜨시게 다시라	요거 뜨시게 다시라
L2U-0237	카페주문	차갑게 다시 주세요	차게 다시 주쇼	차게 다시 주쇼
L2U-0238	카페주문	케이크 포장해 주세요	케이크 싸 주쇼잉	케이크 싸 주쇼잉
L2U-0239	카페주문	초콜릿 추가요	초콜릿 더 주쇼	초콜릿 더 주쇼
L2U-0240	카페주문	휘핑 빼 주세요	휘핑 빼 주쇼잉	휘핑 빼 주쇼잉
L2U-0241	카페주문	덜 진하게 해 주세요	안 찐하게 해 주쇼	안 찐하게 해 주쇼
L2U-0242	카페주문	이거 가장 싼 거예요?	요거 젤로 싼 거당가요?	요거 젤로 싼 거당가요?
L2U-0243	카페주문	작은 사이즈 얼마예요?	짝은 거 을매당가요?	짝은 거 을매당가요?
L2U-0244	카페주문	이거 두 개 포장이요	요거 두 개 싸 갈라요	요거 두 개 싸 갈라요
L2U-0245	카페주문	따뜻한 물 한 컵만요	뜨신 물 한 컵만이라	뜨신 물 한 컵만이라
L2U-0246	카페주문	빨대 길이 다른 거 있어요?	빨대 긴 거 있당가요?	빨대 긴 거 있당가요?
L2U-0247	카페주문	이거 다 마셨어요	요거 다 묵어브렀소	요거 다 먹어버렸어라우
L2U-0248	카페주문	한 잔 더 주세요	한 잔 더 주쇼잉	한 잔 더 주쇼잉
L2U-0249	카페주문	천천히 줘도 돼요	찬찬히 줘도 되야라	찬찬히 줘도 되야라
L2U-0250	카페주문	잘 마셨습니다	잘 묵었구만이라	잘 먹었구만이라
L2U-0251	시장	이거 한 근에 얼마예요?	요거 한 근에 을매요?	요거 한 근에 을매요?
L2U-0252	시장	좀 깎아 주세요	좀 깎아 주쇼잉	좀 깎아 주쇼잉
L2U-0253	시장	너무 비싸네요	허벌나게 비싸구만	허벌나게 비싸구만
L2U-0254	시장	싱싱한 걸로 골라 주세요	싱싱한 놈으로 골라 주씨요	싱싱한 놈으로 골라 주씨요
L2U-0255	시장	덤 좀 주세요	덤 좀 얹어 주쇼	덤 좀 얹어 주쇼
L2U-0256	시장	이거 어떻게 먹어요?	요거 으짜게 묵는당가요?	요거 으짜게 먹는당가요?
L2U-0257	시장	조금만 주세요	쪼깐만 주쇼	쪼깐만 주쇼
L2U-0258	시장	많이 살 테니 싸게 주세요	많이 살팅께 싸게 주랑께요	많이 살팅게 싸게 주랑게요
L2U-0259	시장	다 해서 얼마예요?	죄다 해서 을매당가요?	죄다 해서 을매당가요?
L2U-0260	시장	이게 더 좋아 보여요	요놈이 더 좋아 비요	요놈이 더 좋아 비요
L2U-0261	시장	봉지에 담아 주세요	봉다리에 담아 주쇼	봉다리에 담아 주쇼
L2U-0262	시장	또 올게요	또 올랑께요잉	또 올랑게요잉
L2U-0263	시장	이거 국산 맞아요?	요거 국산 맞당가요?	요거 국산 맞당가요?
L2U-0264	시장	한 봉지에 얼마예요?	한 봉다리에 을매요?	한 봉다리에 을매요?
L2U-0265	시장	좀 더 주세요	좀 더 주쇼잉	좀 더 주쇼잉
L2U-0266	시장	골라 담아도 돼요?	골라 담아도 되까요?	골라 담아도 되까요?
L2U-0267	시장	이거 오늘 들어온 거예요?	요거 오늘 들온 거요?	요거 오늘 들온 거요?
L2U-0268	시장	반만 주세요	반만 주쇼	반만 주쇼
L2U-0269	시장	맛 좀 봐도 돼요?	맛 좀 봐도 되까요?	맛 좀 봐도 되까요?
L2U-0270	시장	무거우니까 나눠 담아 주세요	무겁응께 나놔 담아 주쇼	무겁응게 나놔 담아 주쇼
L2U-0271	시장	이거 상한 거 아니에요?	요거 상한 거 아니당가?	요거 상한 거 아니당가?
L2U-0272	시장	깎아 주면 살게요	깎아 주믄 살라요	깎아 주믄 살라요
L2U-0273	시장	이거 얼마치예요?	요거 을매치당가요?	요거 을매치당가요?
L2U-0274	시장	더 싱싱한 거 없어요?	더 싱싱한 거 읎소?	더 싱싱한 거 읎소?
L2U-0275	시장	이거 한 마리에 얼마예요?	요거 한 마리에 을매요?	요거 한 마리에 을매요?
L2U-0276	시장	손질해 주세요	손질해 주쇼잉	손질해 주쇼잉
L2U-0277	시장	다듬어 주세요	다듬어 주쇼	다듬어 주쇼
L2U-0278	시장	이거 좀 깎아 주면 안 돼요?	요거 좀 깎아 주믄 안 되까요?	요거 좀 깎아 주믄 안 되까요?
L2U-0279	시장	그냥 다 주세요	기냥 다 주쇼	기냥 다 주쇼
L2U-0280	시장	두 개 사면 얼마예요?	두 개 사믄 을매당가요?	두 개 사믄 을매당가요?
L2U-0281	시장	이거 너무 작아요	요거 허벌나게 짝소	요거 허벌나게 짝소
L2U-0282	시장	더 큰 거 주세요	더 큰 놈으로 주쇼잉	더 큰 놈으로 주쇼잉
L2U-0283	시장	이거 단 거예요?	요거 단 거당가요?	요거 단 거당가요?
L2U-0284	시장	신 거 말고 단 거요	신 거 말고 단 거라	신 거 말고 단 거라
L2U-0285	시장	이거 얼마나 줘요?	요거 을매나 주는 거요?	요거 을매나 주는 거요?
L2U-0286	시장	한 소쿠리에 얼마예요?	한 소쿠리에 을매요?	한 소쿠리에 을매요?
L2U-0287	시장	무게 좀 달아 주세요	무게 좀 달아 주쇼	무게 좀 달아 주쇼
L2U-0288	시장	이거 다 얼마예요?	요거 다 을매당가요?	요거 다 을매당가요?
L2U-0289	시장	좀 깎아 주면 안 될까요?	좀 깎아 주믄 안 되까라?	좀 깎아 주믄 안 되까라?
L2U-0290	시장	봉지 하나 더 주세요	봉다리 하나 더 주쇼잉	봉다리 하나 더 주쇼잉
L2U-0291	시장	이거 어디서 왔어요?	요거 어디서 온 거요?	요거 어디서 온 거요?
L2U-0292	시장	다음에 또 살게요	댐에 또 살라요	댐에 또 살라요
L2U-0293	시장	이거 신선해요?	요거 신선항가요?	요거 신선항가요?
L2U-0294	시장	좀 싸게 해 주세요	좀 싸게 해 주쇼	좀 싸게 해 주쇼
L2U-0295	시장	이거 몇 개예요?	요거 멫 개당가요?	요거 멫 개당가요?
L2U-0296	시장	그것도 같이 주세요	그것도 같이 주쇼잉	그것도 같이 주쇼잉
L2U-0297	시장	이거 한 묶음에 얼마예요?	요거 한 묶음에 을매요?	요거 한 묶음에 을매요?
L2U-0298	시장	좀 깎아 줘요	좀 깎아 주랑께	좀 깎아 주랑게
L2U-0299	시장	비싸서 안 사요	비싸서 안 살라요	비싸서 안 살라요
L2U-0300	시장	그럼 이걸로 주세요	그라믄 요놈으로 주쇼	그라믄 요놈으로 주쇼
L2U-0301	시장	좀 덜어 주세요	좀 덜어 주쇼잉	좀 덜어 주쇼잉
L2U-0302	시장	너무 많아요	허벌나게 많소	허벌나게 많소
L2U-0303	시장	조금만 더 넣어 주세요	쪼깐만 더 옇어 주쇼	쪼깐만 더 옇어 주쇼
L2U-0304	시장	이거 어떻게 보관해요?	요거 으짜게 둬야 한당가요?	요거 으짜게 둬야 한당가요?
L2U-0305	시장	좀 깎아 주셨으면 좋겠어요	좀 깎아 주믄 좋겄소	좀 깎아 주믄 좋겄소
L2U-0306	시장	이거 익은 거예요?	요거 익은 거당가요?	요거 익은 거당가요?
L2U-0307	시장	안 익은 거로 주세요	안 익은 놈으로 주쇼	안 익은 놈으로 주쇼
L2U-0308	시장	이거 무게 잘못 단 거 같아요	요거 무게 잘못 단 거 같소	요거 무게 잘못 단 거 같소
L2U-0309	시장	깨끗한 걸로 주세요	깨깟한 놈으로 주쇼잉	깨깟한 놈으로 주쇼잉
L2U-0310	시장	이거 며칠 가요?	요거 멫 날 가는 거요?	요거 멫 날 가는 거요?
L2U-0311	시장	다 팔리기 전에 와야겠네요	다 폴리기 전에 와야 쓰겄소	다 팔리기 전에 와야 쓰겄소
L2U-0312	시장	이거 좀 깎아 주면 다 살게요	요거 좀 깎아 주믄 다 살라요	요거 좀 깎아 주믄 다 살라요
L2U-0313	시장	봉지가 터졌어요	봉다리가 터져브렀소	봉다리가 터져버렸어라우
L2U-0314	시장	새 봉지에 담아 주세요	새 봉다리에 담아 주쇼	새 봉다리에 담아 주쇼
L2U-0315	시장	이거 무르지 않았어요?	요거 무르지 않았당가요?	요거 무르지 않았당가요?
L2U-0316	시장	단단한 거로 골라 주세요	야문 놈으로 골라 주쇼	야문 놈으로 골라 주쇼
L2U-0317	시장	좀 더 얹어 주세요	좀 더 얹어 주쇼잉	좀 더 얹어 주쇼잉
L2U-0318	시장	이거 두 근만 주세요	요거 두 근만 주쇼	요거 두 근만 주쇼
L2U-0319	시장	잘 익은 거로 주세요	잘 익은 놈으로 주쇼잉	잘 익은 놈으로 주쇼잉
L2U-0320	시장	이거 맛없어 보여요	요거 맛읎어 비요	요거 맛읎어 비요
L2U-0321	시장	다른 거 보여 주세요	딴 거 보여 주쇼	딴 거 보여 주쇼
L2U-0322	시장	이거 좀 비싸지 않아요?	요거 좀 비싸지 않소?	요거 좀 비싸지 않소?
L2U-0323	시장	그냥 가져갈게요	기냥 갖고 갈라요	기냥 갖고 갈라요
L2U-0324	시장	한 번 더 깎아 주세요	한 번 더 깎아 주쇼잉	한 번 더 깎아 주쇼잉
L2U-0325	시장	이거 좀 큰 거로 바꿔 주세요	요거 좀 큰 놈으로 바까 주쇼	요거 좀 큰 놈으로 바까 주쇼
L2U-0326	시장	너무 적게 주는 거 아니에요?	너무 쪼깐 주는 거 아니당가?	너무 쪼깐 주는 거 아니당가?
L2U-0327	시장	이거 한 팩 얼마예요?	요거 한 팩 을매요?	요거 한 팩 을매요?
L2U-0328	시장	좀 싱싱한 거 없어요?	좀 싱싱한 거 읎소?	좀 싱싱한 거 읎소?
L2U-0329	시장	그거 빼고 주세요	그거 빼고 주쇼	그거 빼고 주쇼
L2U-0330	시장	이만큼만 주세요	요만치만 주쇼잉	요만치만 주쇼잉
L2U-0331	가게편의점	이거 어디 있어요?	요거 어디 있당가요?	요거 어디 있당가요?
L2U-0332	가게편의점	다 팔렸어요?	다 폴려브렀소?	다 팔려버렸어라우?
L2U-0333	가게편의점	봉투 하나 주세요	봉다리 하나 주쇼	봉다리 하나 주쇼
L2U-0334	가게편의점	봉투는 됐어요	봉다리는 안 줘도 되야	봉다리는 안 줘도 되야
L2U-0335	가게편의점	이거 유통기한 언제까지예요?	요거 언제까지 묵는 거요?	요거 언제까지 먹는 거요?
L2U-0336	가게편의점	새 걸로 주세요	새 놈으로 주씨요	새 놈으로 주씨요
L2U-0337	가게편의점	이거 안에 뭐 들었어요?	요 안에 뭐시 들었당가요?	요 안에 뭐시 들었당가요?
L2U-0338	가게편의점	더 싼 거 없어요?	더 싼 거 읎소?	더 싼 거 읎소?
L2U-0339	가게편의점	이거 두 개 주세요	요거 두 개 주쇼잉	요거 두 개 주쇼잉
L2U-0340	가게편의점	거스름돈 안 받았어요	거시름돈 안 받았는디요	거시름돈 안 받았는디요
L2U-0341	가게편의점	영수증 됐어요	영수증은 안 받을라요	영수증은 안 받을라요
L2U-0342	가게편의점	화장실 어디예요?	변소 어디당가요?	변소 어디당가요?
L2U-0343	가게편의점	이거 환불 돼요?	요거 무를 수 있소?	요거 무를 수 있소?
L2U-0344	가게편의점	담배도 팔아요?	담배도 폴았소?	담배도 팔았소?
L2U-0345	가게편의점	이거 얼마예요?	요거 을매요?	요거 을매요?
L2U-0346	가게편의점	현금 인출기 있어요?	현금 빼는 기계 있당가요?	현금 빼는 기계 있당가요?
L2U-0347	가게편의점	따뜻하게 데워 주세요	뜨시게 뎁혀 주쇼	뜨시게 뎁혀 주쇼
L2U-0348	가게편의점	이거 하나 더 있어요?	요거 하나 더 있당가요?	요거 하나 더 있당가요?
L2U-0349	가게편의점	종량제 봉투 주세요	종량제 봉다리 주쇼	종량제 봉다리 주쇼
L2U-0350	가게편의점	이 카드 돼요?	요 카드 되까요?	요 카드 되까요?
L2U-0351	가게편의점	잔돈 좀 바꿔 주세요	잔돈 좀 바까 주쇼	잔돈 좀 바까 주쇼
L2U-0352	가게편의점	이거 포인트 적립돼요?	요거 포인트 쌓이당가요?	요거 포인트 쌓이당가요?
L2U-0353	가게편의점	봉투에 같이 넣어 주세요	봉다리에 같이 옇어 주쇼	봉다리에 같이 옇어 주쇼
L2U-0354	가게편의점	이거 품절이에요?	요거 다 떨어졌당가요?	요거 다 떨어졌당가요?
L2U-0355	가게편의점	언제 다시 들어와요?	언제 다시 들온당가요?	언제 다시 들온당가요?
L2U-0356	가게편의점	이거 행사 중이에요?	요거 행사하는 거요?	요거 행사하는 거요?
L2U-0357	가게편의점	하나 더 사면 싸요?	하나 더 사믄 싼 거요?	하나 더 사믄 싼 거요?
L2U-0358	가게편의점	이거 바코드 안 찍혀요	요거 바코드 안 찍히요	요거 바코드 안 찍히요
L2U-0359	가게편의점	봉투값 따로예요?	봉다리값 따로당가요?	봉다리값 따로당가요?
L2U-0360	가게편의점	이거 데워 주실 수 있어요?	요거 뎁혀 주실 수 있당가요?	요거 뎁혀 주실 수 있당가요?
L2U-0361	가게편의점	뜨거운 물 있어요?	뜨신 물 있당가요?	뜨신 물 있당가요?
L2U-0362	가게편의점	젓가락 주세요	저까락 주쇼잉	저까락 주쇼잉
L2U-0363	가게편의점	빨대 어디 있어요?	빨대 어디 있소?	빨대 어디 있소?
L2U-0364	가게편의점	이거 반품돼요?	요거 무를 수 있당가요?	요거 무를 수 있당가요?
L2U-0365	가게편의점	영수증 다시 주세요	영수증 다시 주쇼	영수증 다시 주쇼
L2U-0366	가게편의점	이거 두 개에 얼마예요?	요거 두 개에 을매요?	요거 두 개에 을매요?
L2U-0367	가게편의점	우유 어디 있어요?	우유 어디 있당가요?	우유 어디 있당가요?
L2U-0368	가게편의점	이거 유통기한 지났어요	요거 날짜 지나브렀소	요거 날짜 지나버렸어라우
L2U-0369	가게편의점	새 걸로 바꿔 주세요	새 놈으로 바까 주쇼	새 놈으로 바까 주쇼
L2U-0370	가게편의점	이거 할인하는 거예요?	요거 할인하는 거당가요?	요거 할인하는 거당가요?
L2U-0371	가게편의점	봉투 큰 걸로 주세요	봉다리 큰 놈으로 주쇼	봉다리 큰 놈으로 주쇼
L2U-0372	가게편의점	이거 따로 계산해 주세요	요거 따로 곈산해 주쇼	요거 따로 계산해 주쇼
L2U-0373	가게편의점	같이 계산해 주세요	같이 곈산해 주쇼잉	같이 계산해 주쇼잉
L2U-0374	가게편의점	이거 하나만 살게요	요거 하나만 살라요	요거 하나만 살라요
L2U-0375	가게편의점	이거 깨졌어요	요거 깨져브렀소	요거 깨져버렸어라우
L2U-0376	가게편의점	다른 거 주세요	딴 거 주쇼	딴 거 주쇼
L2U-0377	가게편의점	이거 얼마짜리예요?	요거 을매짜리당가요?	요거 을매짜리당가요?
L2U-0378	가게편의점	봉투 안 주셔도 돼요	봉다리 안 줘도 되야	봉다리 안 줘도 되야
L2U-0379	가게편의점	이거 데우면 돼요?	요거 뎁히믄 되까요?	요거 뎁히믄 되까요?
L2U-0380	가게편의점	라이터 있어요?	라이타 있당가요?	라이타 있당가요?
L2U-0381	가게편의점	이거 두고 갈게요	요거 두고 갈라요	요거 두고 갈라요
L2U-0382	가게편의점	봉투 두 개 주세요	봉다리 두 개 주쇼잉	봉다리 두 개 주쇼잉
L2U-0383	가게편의점	이거 신상품이에요?	요거 새로 나온 거당가요?	요거 새로 나온 거당가요?
L2U-0384	가게편의점	더 큰 거 있어요?	더 큰 거 있당가요?	더 큰 거 있당가요?
L2U-0385	가게편의점	작은 거로 주세요	짝은 놈으로 주쇼	짝은 놈으로 주쇼
L2U-0386	가게편의점	이거 어떻게 쓰는 거예요?	요거 으짜게 쓰는 거요?	요거 으짜게 쓰는 거요?
L2U-0387	가게편의점	비닐봉투 주세요	비니루 봉다리 주쇼	비니루 봉다리 주쇼
L2U-0388	가게편의점	영수증 버려 주세요	영수증 내삐려 주쇼	영수증 내삐려 주쇼
L2U-0389	가게편의점	이거 두 봉지 주세요	요거 두 봉다리 주쇼잉	요거 두 봉다리 주쇼잉
L2U-0390	가게편의점	카드 여기 꽂으면 돼요?	카드 여그 꽂으믄 되까요?	카드 여그 꽂으믄 되까요?
L2U-0391	가게편의점	이거 다시 데워 주세요	요거 다시 뎁혀 주쇼	요거 다시 뎁혀 주쇼
L2U-0392	가게편의점	봉투에 안 넣어도 돼요	봉다리에 안 옇어도 되야	봉다리에 안 옇어도 되야
L2U-0393	가게편의점	이거 얼마 남았어요?	요거 을매 남았당가요?	요거 을매 남았당가요?
L2U-0394	가게편의점	다 떨어졌어요?	다 떨어져브렀소?	다 떨어져버렸어라우?
L2U-0395	가게편의점	이거 사은품 있어요?	요거 사은품 있당가요?	요거 사은품 있당가요?
L2U-0396	가게편의점	봉투 작은 거로 주세요	봉다리 짝은 놈으로 주쇼	봉다리 짝은 놈으로 주쇼
L2U-0397	가게편의점	이거 두 개 사면 하나 더 줘요?	요거 두 개 사믄 하나 더 주는 거요?	요거 두 개 사믄 하나 더 주는 거요?
L2U-0398	가게편의점	거스름돈 잘못 주셨어요	거시름돈 잘못 줘브렀소	거시름돈 잘못 줘버렸어라우
L2U-0399	가게편의점	이거 빼 주세요	요거 빼 주쇼	요거 빼 주쇼
L2U-0400	가게편의점	다음에 또 올게요	댐에 또 올라요	댐에 또 올라요
L2U-0401	가게편의점	이거 깎아 줘요?	요거 깎아 주는 거요?	요거 깎아 주는 거요?
L2U-0402	가게편의점	얼음 있어요?	얼음 있당가요?	얼음 있당가요?
L2U-0403	가게편의점	컵 하나 주세요	컵 하나 주쇼잉	컵 하나 주쇼잉
L2U-0404	가게편의점	이거 무게가 안 맞아요	요거 무게가 안 맞소	요거 무게가 안 맞소
L2U-0405	가게편의점	봉투값 빼 주세요	봉다리값 빼 주쇼	봉다리값 빼 주쇼
L2U-0406	가게편의점	이거 진짜 싸네요	요거 참말로 싸구만	요거 참말로 싸구만
L2U-0407	가게편의점	이거 어른용이에요?	요거 어른 거당가요?	요거 어른 거당가요?
L2U-0408	가게편의점	애들 거 있어요?	애기들 거 있당가요?	애기들 거 있당가요?
L2U-0409	가게편의점	이거 환불해 주세요	요거 무러 주쇼	요거 물러 주쇼
L2U-0410	가게편의점	영수증 여기 있어요	영수증 여그 있소	영수증 여그 있소
L2U-0411	가게편의점	이거 두 개 묶음이에요?	요거 두 개 묶음이당가요?	요거 두 개 묶음이당가요?
L2U-0412	가게편의점	낱개로 살 수 있어요?	낱개로 살 수 있당가요?	낱개로 살 수 있당가요?
L2U-0413	가게편의점	이거 안 시원해요	요거 안 션허요	요거 안 션허요
L2U-0414	가게편의점	시원한 거로 주세요	션한 놈으로 주쇼잉	션한 놈으로 주쇼잉
L2U-0415	가게편의점	이거 데워서 먹는 거예요?	요거 뎁혀서 묵는 거요?	요거 뎁혀서 먹는 거요?
L2U-0416	가게편의점	그냥 먹어도 돼요?	기냥 묵어도 되까요?	기냥 먹어도 되까요?
L2U-0417	가게편의점	이거 매운 맛이에요?	요거 매운 맛이당가요?	요거 매운 맛이당가요?
L2U-0418	가게편의점	순한 맛 있어요?	순한 맛 있당가요?	순한 맛 있당가요?
L2U-0419	가게편의점	이거 봉투 터지겠어요	요거 봉다리 터지겄소	요거 봉다리 터지겄소
L2U-0420	가게편의점	봉투 하나 더 씌워 주세요	봉다리 하나 더 씌와 주쇼	봉다리 하나 더 씌와 주쇼
L2U-0421	계산결제	이거 어떻게 누르는 거예요?	요거 으짜게 누른당가요?	요거 으짜게 누른당가요?
L2U-0422	계산결제	여기를 눌러야 돼요?	여그를 눌러야 쓰까요?	여그를 눌러야 쓰까요?
L2U-0423	계산결제	화면이 안 넘어가요	화면이 안 넘어가브요	화면이 안 넘어가요
L2U-0424	계산결제	잘못 눌렀어요	잘못 눌러브렀소	잘못 눌러버렸어라우
L2U-0425	계산결제	다시 처음부터 할게요	첨부터 다시 헐라요	첨부터 다시 헐라요
L2U-0426	계산결제	카드를 어디 꽂아요?	카드를 어디다 꽂는당가요?	카드를 어디다 꽂는당가요?
L2U-0427	계산결제	현금도 돼요?	현금도 되까요?	현금도 되까요?
L2U-0428	계산결제	결제가 안 돼요	곈산이 안 되야브요	계산이 안 되야요
L2U-0429	계산결제	여기 좀 도와주세요	여그 좀 거들어 주쇼	여그 좀 거들어 주쇼
L2U-0430	계산결제	글씨가 잘 안 보여요	글씨가 잘 안 비요	글씨가 잘 안 비요
L2U-0431	계산결제	이거 취소하고 싶어요	요거 물러브리고 잡소	요거 물르고 잡소
L2U-0432	계산결제	포장인지 매장인지 어디 눌러요?	싸 가는 거 묵는 거 어디 누른당가요?	싸 가는 거 먹는 거 어디 누른당가요?
L2U-0433	계산결제	다 됐어요?	다 되야브렀소?	다 되야버렸어라우?
L2U-0434	계산결제	영수증 여기서 나와요?	영수증 여그서 나온당가요?	영수증 여그서 나온당가요?
L2U-0435	계산결제	비밀번호 어디 눌러요?	비번 어디다 누른당가요?	비번 어디다 누른당가요?
L2U-0436	계산결제	금액이 잘못된 것 같아요	돈이 잘못된 거 같소	돈이 잘못된 거 같소
L2U-0437	계산결제	할인은 어떻게 받아요?	할인은 으짜게 받는당가요?	할인은 으짜게 받는당가요?
L2U-0438	계산결제	카드 다시 꽂을까요?	카드 다시 꽂을까라?	카드 다시 꽂을까라?
L2U-0439	계산결제	화면 좀 눌러 주세요	화면 좀 눌러 주쇼	화면 좀 눌러 주쇼
L2U-0440	계산결제	이거 무슨 버튼이에요?	요거 뭔 단추당가요?	요거 뭔 단추당가요?
L2U-0441	계산결제	적립 안 해도 돼요	적립 안 해도 되야	적립 안 해도 되야
L2U-0442	계산결제	결제 다시 해 주세요	곈산 다시 해 주쇼	계산 다시 해 주쇼
L2U-0443	계산결제	멤버십 없어요	멤버십 읎소	멤버십 읎소
L2U-0444	계산결제	한 번 더 눌러 봐요	한 번 더 눌러 보쇼	한 번 더 눌러 보쇼
L2U-0445	계산결제	영수증 버려 주세요	영수증 내삐려 주쇼	영수증 내삐려 주쇼
L2U-0446	계산결제	카드가 안 읽혀요	카드가 안 읽히요	카드가 안 읽히요
L2U-0447	계산결제	봉투값도 같이 계산해 주세요	봉다리값도 같이 곈산해 주쇼	봉다리값도 같이 계산해 주쇼
L2U-0448	계산결제	천천히 해도 돼요?	찬찬히 해도 되까요?	찬찬히 해도 되까요?
L2U-0449	계산결제	이거 카드 안 되는데요	요거 카드 안 되는디요	요거 카드 안 되는디요
L2U-0450	계산결제	현금으로 할게요	현금으로 헐라요	현금으로 헐라요
L2U-0451	계산결제	잔돈 없어요	잔돈 읎소	잔돈 읎소
L2U-0452	계산결제	만 원 낼게요	만 원 낼라요	만 원 낼라요
L2U-0453	계산결제	거스름돈 주세요	거시름돈 주쇼	거시름돈 주쇼
L2U-0454	계산결제	이거 더 눌러야 돼요?	요거 더 눌러야 쓰까요?	요거 더 눌러야 쓰까요?
L2U-0455	계산결제	화면이 멈췄어요	화면이 멈촤브렀소	화면이 멈촤버렸어라우
L2U-0456	계산결제	처음 화면으로 가 주세요	첨 화면으로 가 주쇼	첨 화면으로 가 주쇼
L2U-0457	계산결제	영수증 안 줘도 돼요	영수증 안 줘도 되야	영수증 안 줘도 되야
L2U-0458	계산결제	카드 빼도 돼요?	카드 빼도 되까요?	카드 빼도 되까요?
L2U-0459	계산결제	이거 결제됐어요?	요거 곈산됐당가요?	요거 계산됐당가요?
L2U-0460	계산결제	두 번 결제된 거 같아요	두 번 곈산된 거 같소	두 번 계산된 거 같소
L2U-0461	계산결제	환불해 주세요	무러 주쇼	물러 주쇼
L2U-0462	계산결제	카드 영수증 주세요	카드 영수증 주쇼잉	카드 영수증 주쇼잉
L2U-0463	계산결제	이거 어디다 대요?	요거 어디다 대는 거요?	요거 어디다 대는 거요?
L2U-0464	계산결제	바코드 여기다 찍어요?	바코드 여그다 찍는 거요?	바코드 여그다 찍는 거요?
L2U-0465	계산결제	할인 쿠폰 쓸게요	할인 쿠폰 쓸라요	할인 쿠폰 쓸라요
L2U-0466	계산결제	포인트로 결제할게요	포인트로 곈산헐라요	포인트로 계산헐라요
L2U-0467	계산결제	이거 안 눌러져요	요거 안 눌러지요	요거 안 눌러지요
L2U-0468	계산결제	직원 좀 불러 주세요	직원 좀 불러 주쇼	직원 좀 불러 주쇼
L2U-0469	계산결제	이거 고장 난 거 같아요	요거 고장 난 거 같소	요거 고장 난 거 같소
L2U-0470	계산결제	다른 데서 계산할게요	딴 디서 곈산헐라요	딴 디서 계산헐라요
L2U-0471	계산결제	봉투 필요 없어요	봉다리 필요 읎소	봉다리 필요 읎소
L2U-0472	계산결제	카드 한 번 더 대 주세요	카드 한 번 더 대 주쇼	카드 한 번 더 대 주쇼
L2U-0473	계산결제	금액 확인해 주세요	돈 확인해 주쇼	돈 확인해 주쇼
L2U-0474	계산결제	이거 너무 비싸게 나왔어요	요거 너무 비싸게 나와브렀소	요거 너무 비싸게 나와버렸어라우
L2U-0475	계산결제	하나 빼고 계산해 주세요	하나 빼고 곈산해 주쇼	하나 빼고 계산해 주쇼
L2U-0476	계산결제	이거 안 샀어요	요거 안 샀소	요거 안 샀소
L2U-0477	계산결제	다시 계산해 주세요	다시 곈산해 주쇼잉	다시 계산해 주쇼잉
L2U-0478	계산결제	현금영수증 해 주세요	현금영수증 해 주쇼	현금영수증 해 주쇼
L2U-0479	계산결제	전화번호 어디 눌러요?	전화번호 어디다 누른당가요?	전화번호 어디다 누른당가요?
L2U-0480	계산결제	이거 두 번 찍혔어요	요거 두 번 찍혀브렀소	요거 두 번 찍혀버렸어라우
L2U-0481	계산결제	하나 취소해 주세요	하나 무러 주쇼	하나 물러 주쇼
L2U-0482	계산결제	카드 줘도 돼요?	카드 줘도 되까요?	카드 줘도 되까요?
L2U-0483	계산결제	결제 취소해 주세요	곈산 무러 주쇼	계산 물러 주쇼
L2U-0484	계산결제	영수증 다시 뽑아 주세요	영수증 다시 뽑아 주쇼	영수증 다시 뽑아 주쇼
L2U-0485	계산결제	카드 말고 현금이요	카드 말고 현금이라	카드 말고 현금이라
L2U-0486	계산결제	잔돈 천 원만 주세요	잔돈 천 원만 주쇼	잔돈 천 원만 주쇼
L2U-0487	계산결제	이거 어떻게 끄는 거예요?	요거 으짜게 끄는 거요?	요거 으짜게 끄는 거요?
L2U-0488	계산결제	화면 다시 켜 주세요	화면 다시 케 주쇼	화면 다시 케 주쇼
L2U-0489	계산결제	카드 안 가져왔어요	카드 안 갖고 왔소	카드 안 갖고 왔소
L2U-0490	계산결제	계좌이체 돼요?	계좌이체 되까요?	계좌이체 되까요?
L2U-0491	계산결제	이거 한 번에 계산돼요?	요거 한 번에 곈산되까요?	요거 한 번에 계산되까요?
L2U-0492	계산결제	봉투까지 다 해서 얼마예요?	봉다리까지 다 해서 을매당가요?	봉다리까지 다 해서 을매당가요?
L2U-0493	계산결제	영수증 문자로 보내 주세요	영수증 문자로 보내 주쇼	영수증 문자로 보내 주쇼
L2U-0494	계산결제	카드 두 개로 나눠서요	카드 두 개로 나놔서라	카드 두 개로 나놔서라
L2U-0495	계산결제	이거 결제 다시 눌러 주세요	요거 곈산 다시 눌러 주쇼	요거 계산 다시 눌러 주쇼
L2U-0496	계산결제	카드 인식이 안 돼요	카드 인식이 안 되야브요	카드 인식이 안 되야요
L2U-0497	계산결제	천천히 다시 해 볼게요	찬찬히 다시 해 볼라요	찬찬히 다시 해 볼라요
L2U-0498	계산결제	이거 처음 써 봐요	요거 첨 써 보요	요거 첨 써 보요
L2U-0499	계산결제	어떻게 하는지 모르겠어요	으짜게 하는지 모르겄소	으짜게 하는지 모르겄소
L2U-0500	계산결제	좀 가르쳐 주세요	좀 갈쳐 주쇼잉	좀 갈쳐 주쇼잉
L2U-0501	계산결제	키오스크 처음 써 봐요	키오스크 첨 써 보요	키오스크 첨 써 보요
L2U-0502	계산결제	어디부터 누르면 돼요?	어디부터 누르믄 되까요?	어디부터 누르믄 되까요?
L2U-0503	계산결제	메뉴가 안 보여요	메뉴가 안 비요	메뉴가 안 비요
L2U-0504	계산결제	화면을 키워 주세요	화면을 키와 주쇼	화면을 키와 주쇼
L2U-0505	계산결제	글씨가 너무 작아요	글씨가 허벌나게 짝소	글씨가 허벌나게 짝소
L2U-0506	계산결제	뒤로 가려면 어떻게 해요?	뒤로 갈라믄 으짜게 한당가요?	뒤로 갈라믄 으짜게 한당가요?
L2U-0507	계산결제	처음으로 돌아가고 싶어요	첨으로 돌아가고 잡소	첨으로 돌아가고 잡소
L2U-0508	계산결제	주문이 안 들어갔어요	주문이 안 들어가브렀소	주문이 안 들어가버렸어라우
L2U-0509	계산결제	결제 화면이 안 떠요	곈산 화면이 안 뜨요	계산 화면이 안 뜨요
L2U-0510	계산결제	카드 넣는 데가 어디예요?	카드 옇는 디가 어디당가요?	카드 옇는 디가 어디당가요?
L2U-0511	계산결제	여기에 대면 돼요?	여그다 대믄 되까요?	여그다 대믄 되까요?
L2U-0512	계산결제	삑 소리가 안 나요	삑 소리가 안 나요	삑 소리가 안 나요
L2U-0513	계산결제	결제 끝났어요?	곈산 끝났당가요?	계산 끝났당가요?
L2U-0514	계산결제	영수증이 안 나와요	영수증이 안 나오요	영수증이 안 나오요
L2U-0515	계산결제	진동벨 안 줘요?	벨 안 주는 거요?	벨 안 주는 거요?
L2U-0516	계산결제	번호표 어디서 받아요?	번호표 어디서 받는당가요?	번호표 어디서 받는당가요?
L2U-0517	계산결제	주문번호가 뭐예요?	주문번호가 뭐당가요?	주문번호가 뭐당가요?
L2U-0518	계산결제	이거 누르면 취소돼요?	요거 누르믄 무러지는 거요?	요거 누르믄 물러지는 거요?
L2U-0519	계산결제	수량 어떻게 늘려요?	개수 으짜게 늘린당가요?	개수 으짜게 늘린당가요?
L2U-0520	계산결제	수량 하나 줄여 주세요	개수 하나 줄여 주쇼	개수 하나 줄여 주쇼
L2U-0521	계산결제	옵션은 어디서 골라요?	옵션은 어디서 고른당가요?	옵션은 어디서 고른당가요?
L2U-0522	계산결제	추가 메뉴 어떻게 넣어요?	추가 메뉴 으짜게 옇는당가요?	추가 메뉴 으짜게 옇는당가요?
L2U-0523	계산결제	장바구니에 담겼어요?	장바구니에 담겼당가요?	장바구니에 담겼당가요?
L2U-0524	계산결제	다 담았으면 어디 눌러요?	다 담았으믄 어디 누른당가요?	다 담았으믄 어디 누른당가요?
L2U-0525	계산결제	결제하기 어디 있어요?	곈산하기 어디 있당가요?	계산하기 어디 있당가요?
L2U-0526	계산결제	포장하기 눌렀어요	싸 가기 눌렀소	싸 가기 눌렀소
L2U-0527	계산결제	매장에서 먹기 누를게요	여그서 묵기 누를라요	여그서 먹기 누를라요
L2U-0528	계산결제	카드 어느 쪽에 넣어요?	카드 어느 쪽에 옇는당가요?	카드 어느 쪽에 옇는당가요?
L2U-0529	계산결제	다시 빼면 안 돼요?	다시 빼믄 안 되까요?	다시 빼믄 안 되까요?
L2U-0530	계산결제	비밀번호 누르고 확인 눌러요?	비번 누르고 확인 누른당가요?	비번 누르고 확인 누른당가요?
L2U-0531	계산결제	화면이 자꾸 꺼져요	화면이 자꼬 꺼져브요	화면이 자꼬 꺼져요
L2U-0532	계산결제	다시 켜 주세요	다시 케 주쇼	다시 케 주쇼
L2U-0533	계산결제	한국어로 바꿔 주세요	한국말로 바까 주쇼	한국말로 바까 주쇼
L2U-0534	계산결제	글자가 영어로 나와요	글자가 영어로 나오요	글자가 영어로 나오요
L2U-0535	계산결제	소리 좀 키워 주세요	소리 좀 키와 주쇼	소리 좀 키와 주쇼
L2U-0536	계산결제	안내 음성이 안 나와요	안내 소리가 안 나오요	안내 소리가 안 나오요
L2U-0537	계산결제	천천히 다시 설명해 주세요	찬찬히 다시 알려 주쇼	찬찬히 다시 알려 주쇼
L2U-0538	계산결제	누가 좀 도와줬으면 좋겠어요	누가 좀 거들어 주믄 좋겄소	누가 좀 거들어 주믄 좋겄소
L2U-0539	계산결제	직원분 어디 계세요?	직원분 어디 기시요?	직원분 어디 기시요?
L2U-0540	계산결제	이거 어떻게 하는지 모르겠어요	요거 으짜게 하는지 모르겄소	요거 으짜게 하는지 모르겄소
L2U-0541	계산결제	좀 봐 주실 수 있어요?	좀 봐 주실 수 있당가요?	좀 봐 주실 수 있당가요?
L2U-0542	계산결제	결제가 자꾸 실패해요	곈산이 자꼬 안 되야브요	계산이 자꼬 안 되야요
L2U-0543	계산결제	카드를 바꿔서 해 볼게요	카드를 바까서 해 볼라요	카드를 바까서 해 볼라요
L2U-0544	계산결제	현금으로 바꿀게요	현금으로 바꿀라요	현금으로 바꿀라요
L2U-0545	계산결제	잔돈은 어디로 나와요?	잔돈은 어디로 나온당가요?	잔돈은 어디로 나온당가요?
L2U-0546	계산결제	돈 넣는 데가 어디예요?	돈 옇는 디가 어디당가요?	돈 옇는 디가 어디당가요?
L2U-0547	계산결제	지폐가 안 들어가요	지폐가 안 들어가요	지폐가 안 들어가요
L2U-0548	계산결제	동전도 돼요?	동전도 되까요?	동전도 되까요?
L2U-0549	계산결제	거스름돈 안 나왔어요	거시름돈 안 나와브렀소	거시름돈 안 나와버렸어라우
L2U-0550	계산결제	돈이 다시 나왔어요	돈이 도로 나와브렀소	돈이 도로 나와버렸어라우
L2U-0551	계산결제	이거 다시 넣어요?	요거 다시 옇는 거요?	요거 다시 옇는 거요?
L2U-0552	계산결제	결제 완료됐어요?	곈산 다 됐당가요?	계산 다 됐당가요?
L2U-0553	계산결제	영수증 뽑을게요	영수증 뽑을라요	영수증 뽑을라요
L2U-0554	계산결제	영수증 안 뽑아도 돼요	영수증 안 뽑아도 되야	영수증 안 뽑아도 되야
L2U-0555	계산결제	주문 내역 어디서 봐요?	주문 내역 어디서 본당가요?	주문 내역 어디서 본당가요?
L2U-0556	계산결제	영수증에 주문번호 있어요?	영수증에 주문번호 있당가요?	영수증에 주문번호 있당가요?
L2U-0557	계산결제	음식 어디서 받아요?	음석 어디서 받는당가요?	음석 어디서 받는당가요?
L2U-0558	계산결제	번호 부르면 가지러 가요?	번호 부르믄 가질러 간당가요?	번호 부르믄 가질러 간당가요?
L2U-0559	계산결제	다 됐으니까 가도 돼요?	다 됐응께 가도 되까요?	다 됐응게 가도 되까요?
L2U-0560	계산결제	처음부터 천천히 할게요	첨부터 찬찬히 헐라요	첨부터 찬찬히 헐라요
L2U-0561	계산결제	이 버튼 맞아요?	요 단추 맞당가요?	요 단추 맞당가요?
L2U-0562	계산결제	잘못 골랐어요	잘못 골라브렀소	잘못 골라버렸어라우
L2U-0563	계산결제	다시 고를게요	다시 고를라요	다시 고를라요
L2U-0564	계산결제	이거 지우고 싶어요	요거 지우고 잡소	요거 지우고 잡소
L2U-0565	계산결제	전부 다 지워 주세요	죄다 지와 주쇼	죄다 지와 주쇼
L2U-0566	계산결제	처음 화면 어디예요?	첨 화면 어디당가요?	첨 화면 어디당가요?
L2U-0567	계산결제	결제 금액이 이상해요	곈산 돈이 요상허요	계산 돈이 요상허요
L2U-0568	계산결제	왜 이렇게 많이 나왔어요?	와 요로코롬 많이 나왔당가?	와 요로코롬 많이 나왔당가?
L2U-0569	계산결제	할인 적용 안 됐어요	할인 적용 안 돼브렀소	할인 적용 안 돼버렸어라우
L2U-0570	계산결제	쿠폰 어디서 넣어요?	쿠폰 어디서 옇는당가요?	쿠폰 어디서 옇는당가요?
L2U-0571	계산결제	멤버십 번호 눌러요?	멤버십 번호 누른당가요?	멤버십 번호 누른당가요?
L2U-0572	계산결제	적립 먼저 하고 결제해요?	적립 먼첨 하고 곈산한당가요?	적립 먼첨 하고 계산한당가요?
L2U-0573	계산결제	핸드폰 번호 넣을게요	핸드폰 번호 옇을라요	핸드폰 번호 옇을라요
L2U-0574	계산결제	이거 다 누른 거예요?	요거 다 누른 거요?	요거 다 누른 거요?
L2U-0575	계산결제	결제만 하면 돼요?	곈산만 하믄 되까요?	계산만 하믄 되까요?
L2U-0576	계산결제	다른 걸로 결제할게요	딴 걸로 곈산헐라요	딴 걸로 계산헐라요
L2U-0577	계산결제	카드 인식 좀 도와주세요	카드 인식 좀 거들어 주쇼	카드 인식 좀 거들어 주쇼
L2U-0578	계산결제	화면 한 번 더 눌러 볼게요	화면 한 번 더 눌러 볼라요	화면 한 번 더 눌러 볼라요
L2U-0579	계산결제	이거 끝난 거 맞죠?	요거 끝난 거 맞제?	요거 끝난 거 맞제?
L2U-0580	계산결제	고맙습니다 다 됐네요	고맙소 다 됐구만	고맙소 다 됐구만
L2U-0581	계산결제	카드 여기 두고 가도 돼요?	카드 여그 두고 가도 되까요?	카드 여그 두고 가도 되까요?
L2U-0582	계산결제	영수증 두 장 주세요	영수증 두 장 주쇼	영수증 두 장 주쇼
L2U-0583	계산결제	결제 다시 시작할게요	곈산 다시 시작헐라요	계산 다시 시작헐라요
L2U-0584	계산결제	화면 터치가 안 돼요	화면 눌러도 안 되야브요	화면 눌러도 안 되야요
L2U-0585	계산결제	손이 잘 안 닿아요	손이 잘 안 닿소	손이 잘 안 닿소
L2U-0586	계산결제	좀 낮춰 주실 수 있어요?	좀 낮촤 주실 수 있당가요?	좀 낮촤 주실 수 있당가요?
L2U-0587	계산결제	이거 좀 빨리 도와주세요	요거 좀 후딱 거들어 주쇼	요거 좀 후딱 거들어 주쇼
L2U-0588	계산결제	뒤에 사람 많아요	뒤에 사람 많소	뒤에 사람 많소
L2U-0589	계산결제	빨리 끝내고 싶어요	후딱 끝내고 잡소	후딱 끝내고 잡소
L2U-0590	계산결제	결제 도와주셔서 고마워요	곈산 거들어 줘서 고맙소	계산 거들어 줘서 고맙소
L2U-0591	계산결제	카드 다시 받았어요	카드 다시 받았소	카드 다시 받았소
L2U-0592	계산결제	봉투값 결제 안 했어요	봉다리값 곈산 안 했소	봉다리값 계산 안 했소
L2U-0593	계산결제	그것까지 같이 계산할게요	그것까지 같이 곈산헐라요	그것까지 같이 계산헐라요
L2U-0594	계산결제	다 합쳐서 결제해 주세요	다 합쳐서 곈산해 주쇼	다 합쳐서 계산해 주쇼
L2U-0595	계산결제	따로따로 결제할게요	따로따로 곈산헐라요	따로따로 계산헐라요
L2U-0596	계산결제	이거 먼저 계산해 주세요	요거 먼첨 곈산해 주쇼	요거 먼첨 계산해 주쇼
L2U-0597	계산결제	결제 취소하고 다시 할게요	곈산 무르고 다시 헐라요	계산 물르고 다시 헐라요
L2U-0598	계산결제	카드가 자꾸 튕겨요	카드가 자꼬 튕겨브요	카드가 자꼬 튕겨요
L2U-0599	계산결제	천천히 다시 넣어 볼게요	찬찬히 다시 옇어 볼라요	찬찬히 다시 옇어 볼라요
L2U-0600	계산결제	이제 다 됐어요	인자 다 됐소	인자 다 됐소
L2U-0601	주문확인변경	주문 바꿔도 돼요?	주문 바까도 되까요?	주문 바까도 되까요?
L2U-0602	주문확인변경	이거 빼고 저거로 바꿔 주세요	요거 빼고 저거로 바까 주쇼	요거 빼고 저거로 바까 주쇼
L2U-0603	주문확인변경	방금 주문 취소할게요	방금 주문 무를라요	방금 주문 물를라요
L2U-0604	주문확인변경	하나 더 추가할게요	하나 더 추가헐라요	하나 더 추가헐라요
L2U-0605	주문확인변경	수량 잘못 눌렀어요	개수 잘못 눌러브렀소	개수 잘못 눌러버렸어라우
L2U-0606	주문확인변경	두 개를 한 개로 줄여 주세요	두 개를 한 개로 줄여 주쇼	두 개를 한 개로 줄여 주쇼
L2U-0607	주문확인변경	이거 안 시켰는데 들어갔어요	요거 안 시켰는디 들어가브렀소	요거 안 시켰는디 들어가버렸어라우
L2U-0608	주문확인변경	주문이 두 번 됐어요	주문이 두 번 돼브렀소	주문이 두 번 돼버렸어라우
L2U-0609	주문확인변경	하나는 빼 주세요	하나는 빼 주쇼	하나는 빼 주쇼
L2U-0610	주문확인변경	맵기 다시 고를게요	매운 거 다시 고를라요	매운 거 다시 고를라요
L2U-0611	주문확인변경	사이즈 바꿔 주세요	사이즈 바까 주쇼	사이즈 바까 주쇼
L2U-0612	주문확인변경	옵션 다시 넣을게요	옵션 다시 옇을라요	옵션 다시 옇을라요
L2U-0613	주문확인변경	이거 포장으로 바꿔 주세요	요거 싸 가는 걸로 바까 주쇼	요거 싸 가는 걸로 바까 주쇼
L2U-0614	주문확인변경	매장에서 먹는 걸로 바꿔 주세요	여그서 묵는 걸로 바까 주쇼	여그서 먹는 걸로 바까 주쇼
L2U-0615	주문확인변경	주문 다시 확인해 주세요	주문 다시 확인해 주쇼	주문 다시 확인해 주쇼
L2U-0616	주문확인변경	내가 시킨 거 맞아요?	내가 시킨 거 맞당가요?	내가 시킨 거 맞당가요?
L2U-0617	주문확인변경	이거 말고 다른 거 시켰어요	요거 말고 딴 거 시켰소	요거 말고 딴 거 시켰소
L2U-0618	주문확인변경	음료 빼 주세요	음료 빼 주쇼	음료 빼 주쇼
L2U-0619	주문확인변경	음료 추가할게요	음료 추가헐라요	음료 추가헐라요
L2U-0620	주문확인변경	세트를 단품으로 바꿔 주세요	세트를 단품으로 바까 주쇼	세트를 단품으로 바까 주쇼
L2U-0621	주문확인변경	단품을 세트로 바꿔 주세요	단품을 세트로 바까 주쇼	단품을 세트로 바까 주쇼
L2U-0622	주문확인변경	주문 잘못 들어갔어요	주문 잘못 들어가브렀소	주문 잘못 들어가버렸어라우
L2U-0623	주문확인변경	처음부터 다시 주문할게요	첨부터 다시 주문헐라요	첨부터 다시 주문헐라요
L2U-0624	주문확인변경	이거 하나 빼 주세요	요거 하나 빼 주쇼	요거 하나 빼 주쇼
L2U-0625	주문확인변경	추가한 거 취소할게요	추가한 거 무를라요	추가한 거 물를라요
L2U-0626	주문확인변경	메뉴 다시 고를게요	메뉴 다시 고를라요	메뉴 다시 고를라요
L2U-0627	주문확인변경	맵기 보통으로 바꿔 주세요	매운 거 보통으로 바까 주쇼	매운 거 보통으로 바까 주쇼
L2U-0628	주문확인변경	얼음 빼는 걸로 바꿔 주세요	얼음 빼는 걸로 바까 주쇼	얼음 빼는 걸로 바까 주쇼
L2U-0629	주문확인변경	따뜻한 걸로 바꿔 주세요	뜨신 걸로 바까 주쇼	뜨신 걸로 바까 주쇼
L2U-0630	주문확인변경	차가운 걸로 바꿔 주세요	찬 걸로 바까 주쇼	찬 걸로 바까 주쇼
L2U-0631	주문확인변경	수량 두 개로 늘려 주세요	개수 두 개로 늘려 주쇼	개수 두 개로 늘려 주쇼
L2U-0632	주문확인변경	이거 추가하면 얼마예요?	요거 추가하믄 을매당가요?	요거 추가하믄 을매당가요?
L2U-0633	주문확인변경	빼면 얼마 깎여요?	빼믄 을매 깎이는 거요?	빼믄 을매 깎이는 거요?
L2U-0634	주문확인변경	주문 내용 다시 보여 주세요	주문 내용 다시 보여 주쇼	주문 내용 다시 보여 주쇼
L2U-0635	주문확인변경	다 맞는지 확인할게요	다 맞는지 확인헐라요	다 맞는지 확인헐라요
L2U-0636	주문확인변경	이거 하나 더 넣어 주세요	요거 하나 더 옇어 주쇼	요거 하나 더 옇어 주쇼
L2U-0637	주문확인변경	잘못 넣은 거 빼 주세요	잘못 옇은 거 빼 주쇼	잘못 옇은 거 빼 주쇼
L2U-0638	주문확인변경	전부 다 취소할게요	죄다 무를라요	죄다 물를라요
L2U-0639	주문확인변경	다시 처음부터요	다시 첨부터라	다시 첨부터라
L2U-0640	주문확인변경	이대로 결제할게요	요대로 곈산헐라요	요대로 계산헐라요
L2U-0641	주문확인변경	주문 확정할게요	주문 확정헐라요	주문 확정헐라요
L2U-0642	주문확인변경	아직 결제 안 했어요	아직 곈산 안 했소	아직 계산 안 했소
L2U-0643	주문확인변경	결제 전에 하나 더 추가할게요	곈산 전에 하나 더 추가헐라요	계산 전에 하나 더 추가헐라요
L2U-0644	주문확인변경	이거 두 개로 해 주세요	요거 두 개로 해 주쇼	요거 두 개로 해 주쇼
L2U-0645	주문확인변경	하나로 줄여 주세요	하나로 줄여 주쇼	하나로 줄여 주쇼
L2U-0646	주문확인변경	토핑 추가할게요	토핑 추가헐라요	토핑 추가헐라요
L2U-0647	주문확인변경	토핑 빼 주세요	토핑 빼 주쇼	토핑 빼 주쇼
L2U-0648	주문확인변경	소스 바꿔 주세요	소스 바까 주쇼	소스 바까 주쇼
L2U-0649	주문확인변경	맛 다른 거로 바꿔 주세요	맛 딴 거로 바까 주쇼	맛 딴 거로 바까 주쇼
L2U-0650	주문확인변경	이거 두 번 들어갔으니 하나 빼 주세요	요거 두 번 들어갔응께 하나 빼 주쇼	요거 두 번 들어갔응게 하나 빼 주쇼
L2U-0651	주문확인변경	주문 잘못해서 다시 할게요	주문 잘못해서 다시 헐라요	주문 잘못해서 다시 헐라요
L2U-0652	주문확인변경	이거 안 나오게 해 주세요	요거 안 나오게 해 주쇼	요거 안 나오게 해 주쇼
L2U-0653	주문확인변경	메뉴 추가가 안 돼요	메뉴 추가가 안 되야브요	메뉴 추가가 안 되야요
L2U-0654	주문확인변경	수량 변경이 안 돼요	개수 바꾸는 게 안 되야브요	개수 바꾸는 게 안 되야요
L2U-0655	주문확인변경	다른 메뉴로 통째로 바꿀게요	딴 메뉴로 통째로 바꿀라요	딴 메뉴로 통째로 바꿀라요
L2U-0656	주문확인변경	이거 맞게 들어갔는지 봐 주세요	요거 맞게 들어갔는지 봐 주쇼	요거 맞게 들어갔는지 봐 주쇼
L2U-0657	주문확인변경	빠진 거 없나 확인해 주세요	빠진 거 읎나 확인해 주쇼	빠진 거 읎나 확인해 주쇼
L2U-0658	주문확인변경	하나 빠진 것 같아요	하나 빠진 거 같소	하나 빠진 거 같소
L2U-0659	주문확인변경	더 넣을 거 없어요	더 옇을 거 읎소	더 옇을 거 읎소
L2U-0660	주문확인변경	이제 결제만 하면 돼요?	인자 곈산만 하믄 되까요?	인자 계산만 하믄 되까요?
L2U-0661	주문확인변경	주문 다 됐어요	주문 다 됐소	주문 다 됐소
L2U-0662	주문확인변경	이거 빼면 더 싸요?	요거 빼믄 더 싼 거요?	요거 빼믄 더 싼 거요?
L2U-0663	주문확인변경	큰 거로 바꾸면 얼마 더 내요?	큰 거로 바꾸믄 을매 더 내는 거요?	큰 거로 바꾸믄 을매 더 내는 거요?
L2U-0664	주문확인변경	그냥 작은 거로 둘게요	기냥 짝은 거로 둘라요	기냥 짝은 거로 둘라요
L2U-0665	주문확인변경	매운맛으로 바꿔 주세요	매운맛으로 바까 주쇼	매운맛으로 바까 주쇼
L2U-0666	주문확인변경	순한맛으로 다시 할게요	순한맛으로 다시 헐라요	순한맛으로 다시 헐라요
L2U-0667	주문확인변경	음료를 콜라로 바꿔 주세요	음료를 콜라로 바까 주쇼	음료를 콜라로 바까 주쇼
L2U-0668	주문확인변경	사이드를 빼 주세요	사이드를 빼 주쇼	사이드를 빼 주쇼
L2U-0669	주문확인변경	이거 두 세트로 해 주세요	요거 두 세트로 해 주쇼	요거 두 세트로 해 주쇼
L2U-0670	주문확인변경	세트 하나 취소할게요	세트 하나 무를라요	세트 하나 물를라요
L2U-0671	주문확인변경	주문 다시 처음부터 볼게요	주문 다시 첨부터 볼라요	주문 다시 첨부터 볼라요
L2U-0672	주문확인변경	이거 확인 누르면 끝이에요?	요거 확인 누르믄 끝이당가요?	요거 확인 누르믄 끝이당가요?
L2U-0673	주문확인변경	수정하려면 어디 눌러요?	고칠라믄 어디 누른당가요?	고칠라믄 어디 누른당가요?
L2U-0674	주문확인변경	장바구니 비울게요	장바구니 비울라요	장바구니 비울라요
L2U-0675	주문확인변경	담은 거 전부 뺄게요	담은 거 죄다 뺄라요	담은 거 죄다 뺄라요
L2U-0676	주문확인변경	이거 하나만 남기고 다 빼 주세요	요거 하나만 냉기고 다 빼 주쇼	요거 하나만 냉기고 다 빼 주쇼
L2U-0677	주문확인변경	추가한 토핑 다시 뺄게요	추가한 토핑 다시 뺄라요	추가한 토핑 다시 뺄라요
L2U-0678	주문확인변경	옵션 잘못 골랐어요	옵션 잘못 골라브렀소	옵션 잘못 골라버렸어라우
L2U-0679	주문확인변경	다시 골라서 넣을게요	다시 골라서 옇을라요	다시 골라서 옇을라요
L2U-0680	주문확인변경	이제 됐어요 결제할게요	인자 됐소 곈산헐라요	인자 됐소 계산헐라요
L2U-0681	주문확인변경	주문 한 번 더 볼게요	주문 한 번 더 볼라요	주문 한 번 더 볼라요
L2U-0682	주문확인변경	다 맞으니까 진행할게요	다 맞응께 진행헐라요	다 맞응게 진행헐라요
L2U-0683	주문확인변경	이거 빼고 결제해 주세요	요거 빼고 곈산해 주쇼	요거 빼고 계산해 주쇼
L2U-0684	주문확인변경	잘못된 거 고쳐 주세요	잘못된 거 고쳐 주쇼	잘못된 거 고쳐 주쇼
L2U-0685	주문확인변경	메뉴 하나 더 보여 주세요	메뉴 하나 더 보여 주쇼	메뉴 하나 더 보여 주쇼
L2U-0686	주문확인변경	이거 추가가 맞나요?	요거 추가가 맞당가요?	요거 추가가 맞당가요?
L2U-0687	주문확인변경	두 개째 들어갔어요	두 개째 들어가브렀소	두 개째 들어가버렸어라우
L2U-0688	주문확인변경	그거 하나는 취소할게요	그거 하나는 무를라요	그거 하나는 물를라요
L2U-0689	주문확인변경	이대로 맞아요 진행해 주세요	요대로 맞소 진행해 주쇼	요대로 맞소 진행해 주쇼
L2U-0690	주문확인변경	다 했어요 결제로 갈게요	다 했소 곈산으로 갈라요	다 했소 계산으로 갈라요
L2U-0691	인사재촉맛	안녕하세요	안녕하싯쇼잉	안녕하싯쇼잉
L2U-0692	인사재촉맛	어서 오세요	어여 오쇼	어여 오쇼
L2U-0693	인사재촉맛	수고하세요	수고하쇼잉	수고하쇼잉
L2U-0694	인사재촉맛	고맙습니다	고맙구만이라	고맙구만이라
L2U-0695	인사재촉맛	잘 먹겠습니다	잘 묵겄소	잘 먹겄소
L2U-0696	인사재촉맛	또 올게요	또 올랑께요	또 올랑게요
L2U-0697	인사재촉맛	맛있어 보여요	맛있어 비요	맛있어 비요
L2U-0698	인사재촉맛	진짜 맛있어요	참말로 맛나브요	참말로 맛나요
L2U-0699	인사재촉맛	입에 딱 맞아요	입에 짝 붙어브요	입에 짝 붙어요
L2U-0700	인사재촉맛	좀 싱거워요	좀 슴슴허요	좀 슴슴허요
L2U-0701	인사재촉맛	좀 짜요	좀 짜브요	좀 짜요
L2U-0702	인사재촉맛	너무 매워요	허벌나게 맵소	허벌나게 맵소
L2U-0703	인사재촉맛	달달하니 좋아요	달짝지근허니 좋소	달짝지근허니 좋소
L2U-0704	인사재촉맛	왜 이렇게 오래 걸려요?	와 요로코롬 오래 걸린당가?	와 요로코롬 오래 걸린당가?
L2U-0705	인사재촉맛	좀 빨리 해 주세요	좀 후딱 해 주쇼	좀 후딱 해 주쇼
L2U-0706	인사재촉맛	아직 멀었어요?	아직도 멀었당가?	아직도 멀었당가?
L2U-0707	인사재촉맛	시간이 없어요	시간이 읎소	시간이 읎소
L2U-0708	인사재촉맛	빨리 좀 부탁해요	후딱 좀 부탁허요	후딱 좀 부탁허요
L2U-0709	인사재촉맛	너무 오래 기다렸어요	너무 오래 지달렸소	너무 오래 지달렸소
L2U-0710	인사재촉맛	이거 식었어요	요거 다 식어브렀소	요거 다 식어버렸어라우
L2U-0711	인사재촉맛	따뜻할 때 먹고 싶어요	뜨실 때 묵고 잡소	뜨실 때 먹고 잡소
L2U-0712	인사재촉맛	양이 많네요	양이 많구만	양이 많구만
L2U-0713	인사재촉맛	양이 좀 적어요	양이 좀 쪼깐허요	양이 좀 쪼깐허요
L2U-0714	인사재촉맛	배부르다	배가 뽈록허네	배가 부른디
L2U-0715	인사재촉맛	잘 먹었어요	잘 묵었소	잘 먹었소
L2U-0716	인사재촉맛	다음에 또 올게요	댐에 또 올라요	댐에 또 올라요
L2U-0717	인사재촉맛	맛이 괜찮네요	맛이 갠찮구만	맛이 갠찮구만
L2U-0718	인사재촉맛	좀 더 익었으면 좋겠어요	좀 더 익었으믄 좋겄소	좀 더 익었으믄 좋겄소
L2U-0719	인사재촉맛	이거 좀 별로예요	요거 좀 벨로요	요거 좀 벨로요
L2U-0720	인사재촉맛	생각보다 맛있어요	생각보다 맛나브요	생각보다 맛나요
L2U-0721	인사재촉맛	다들 맛있대요	다들 맛나다 그라요	다들 맛나다 그라요
L2U-0722	인사재촉맛	너무 뜨거워요	허벌나게 뜨겁소	허벌나게 뜨겁소
L2U-0723	인사재촉맛	식혀서 먹어야겠어요	식혀서 묵어야 쓰겄소	식혀서 먹어야 쓰겄소
L2U-0724	인사재촉맛	좀 천천히 나와도 돼요	좀 찬찬히 나와도 되야	좀 찬찬히 나와도 되야
L2U-0725	인사재촉맛	급하니까 빨리 주세요	급헝께 후딱 주쇼	급헝게 후딱 주쇼
L2U-0726	인사재촉맛	다 됐으면 알려 주세요	다 됐으믄 알려 주쇼	다 됐으믄 알려 주쇼
L2U-0727	인사재촉맛	얼마나 더 걸려요?	을매나 더 걸린당가요?	을매나 더 걸린당가요?
L2U-0728	인사재촉맛	조금만 더 기다릴게요	쪼깐만 더 지달릴라요	쪼깐만 더 지달릴라요
L2U-0729	인사재촉맛	이거 신선하네요	요거 신선허구만	요거 신선허구만
L2U-0730	인사재촉맛	향이 좋아요	냄새가 좋소	냄새가 좋소
L2U-0731	인사재촉맛	이거 좀 비려요	요거 좀 비리요	요거 좀 비리요
L2U-0732	인사재촉맛	느끼하지 않아요	누리하지 않소	누리하지 않소
L2U-0733	인사재촉맛	깔끔하니 좋아요	깔끔허니 좋소	깔끔허니 좋소
L2U-0734	인사재촉맛	또 먹고 싶어요	또 묵고 잡소	또 먹고 잡소
L2U-0735	인사재촉맛	양념이 잘 뱄어요	양님이 잘 뱄소	양념이 잘 뱄소
L2U-0736	인사재촉맛	좀 더 매웠으면 좋겠어요	좀 더 매왔으믄 좋겄소	좀 더 매왔으믄 좋겄소
L2U-0737	인사재촉맛	적당히 맵네요	알맞게 맵구만	알맞게 맵구만
L2U-0738	인사재촉맛	국물이 시원해요	국물이 션허요	국물이 션허요
L2U-0739	인사재촉맛	면이 쫄깃해요	면이 쫄깃허요	면이 쫄깃허요
L2U-0740	인사재촉맛	좀 질겨요	좀 질기요	좀 질기요
L2U-0741	인사재촉맛	부드러워서 좋아요	보드라와서 좋소	보드라와서 좋소
L2U-0742	인사재촉맛	빨리 나와서 좋네요	후딱 나와서 좋구만	후딱 나와서 좋구만
L2U-0743	인사재촉맛	기다린 보람 있어요	지달린 보람 있소	지달린 보람 있소
L2U-0744	인사재촉맛	다음엔 다른 거 먹어 볼게요	댐엔 딴 거 묵어 볼라요	댐엔 딴 거 먹어 볼라요
L2U-0745	인사재촉맛	잘 먹고 갑니다	잘 묵고 가요잉	잘 먹고 가요잉
L2U-0746	인사재촉맛	친절하시네요	친절하시구만이라	친절하시구만이라
L2U-0747	인사재촉맛	덕분에 잘 먹었어요	덕분에 잘 묵었소	덕분에 잘 먹었소
L2U-0748	인사재촉맛	맛있게 먹었습니다	맛나게 묵었소	맛나게 먹었소
L2U-0749	인사재촉맛	다음에 봐요	댐에 보드라고잉	댐에 봐요잉
L2U-0750	인사재촉맛	안녕히 계세요	안녕히 기시쇼잉	안녕히 기시쇼잉
L2U-0751	단답주문	이걸로 할게요	요놈으로 헐라요	요놈으로 헐라요
L2U-0752	단답주문	이거 하나요	요거 하나라	요거 하나여
L2U-0753	단답주문	두 개로 할게요	두 개로 헐라요	두 개로 헐게요
L2U-0754	단답주문	세 개 주세요	세 개 주쇼잉	세 개 줘요
L2U-0755	단답주문	그걸로 주세요	그놈으로 주쇼	그놈으로 줘요
L2U-0756	단답주문	저거 주세요	저놈 주쇼잉	저거 줘요
L2U-0757	단답주문	같은 걸로요	같은 놈으로라	같은 걸로요
L2U-0758	단답주문	다른 걸로 할게요	딴 놈으로 헐라요	딴 걸로 헐게요
L2U-0759	단답주문	큰 사이즈요	큰 놈이라	큰 거여
L2U-0760	단답주문	작은 거로요	짝은 놈으로라	작은 걸로요
L2U-0761	단답주문	보통 사이즈로요	보통 거로라	보통 거로요
L2U-0762	단답주문	따뜻한 걸로요	뜨신 놈으로라	뜨신 걸로요
L2U-0763	단답주문	차가운 걸로요	찬 놈으로라	찬 걸로요
L2U-0764	단답주문	맵게 해 주세요	맵게 해 주쇼	맵게 해 줘요
L2U-0765	단답주문	안 맵게요	안 맵게라	안 맵게요
L2U-0766	단답주문	보통 맛으로요	보통 맛으로라	보통 맛으로요
L2U-0767	단답주문	순한 맛으로요	순한 맛으로라	순한 맛으로요
L2U-0768	단답주문	곱빼기로요	곱빼기로라	곱빼기로요
L2U-0769	단답주문	곱빼기로 해 주세요	곱빼기로 해 주쇼	곱빼기로 해 줘요
L2U-0770	단답주문	양 많게요	양 많게라	양 많게요
L2U-0771	단답주문	양 적게요	양 쪼깐허게라	양 적게요
L2U-0772	단답주문	세트로요	세트로라	세트로요
L2U-0773	단답주문	단품으로요	단품으로라	단품으로요
L2U-0774	단답주문	세트로 해 주세요	세트로 해 주쇼	세트로 해 줘요
L2U-0775	단답주문	단품으로 해 주세요	단품으로 해 주쇼	단품으로 해 줘요
L2U-0776	단답주문	음료는 콜라요	음료는 콜라라	음료는 콜라여
L2U-0777	단답주문	음료는 사이다로요	음료는 사이다로라	음료는 사이다로요
L2U-0778	단답주문	음료 빼 주세요	음료 빼 주쇼	음료 빼 줘요
L2U-0779	단답주문	사이드는 감자튀김이요	사이드는 감자튀김이라	사이드는 감자튀김이여
L2U-0780	단답주문	사이드 빼 주세요	사이드 빼 주쇼	사이드 빼 줘요
L2U-0781	단답주문	추가할게요	추가헐라요	추가헐게요
L2U-0782	단답주문	빼 주세요	빼 주쇼	빼 줘요
L2U-0783	단답주문	넣어 주세요	옇어 주쇼	옇어 줘요
L2U-0784	단답주문	그대로요	기냥이라	기냥이여
L2U-0785	단답주문	이대로 할게요	요대로 헐라요	요대로 헐게요
L2U-0786	단답주문	양파 빼고요	양파 빼고라	양파 빼고요
L2U-0787	단답주문	오이 빼고요	오이 빼고라	오이 빼고요
L2U-0788	단답주문	치즈 추가요	치즈 추가라	치즈 추가여
L2U-0789	단답주문	계란 추가요	계란 추가라	계란 추가여
L2U-0790	단답주문	토핑 추가할게요	토핑 추가헐라요	토핑 추가헐게요
L2U-0791	단답주문	토핑 빼 주세요	토핑 빼 주쇼	토핑 빼 줘요
L2U-0792	단답주문	매운맛으로요	매운맛으로라	매운맛으로요
L2U-0793	단답주문	덜 맵게 해 주세요	안 맵게 해 주쇼	안 맵게 해 줘요
L2U-0794	단답주문	두 배로요	두 배로라	두 배로요
L2U-0795	단답주문	반만요	반만이라	반만이여
L2U-0796	단답주문	그만 넣어 주세요	고만 옇어 주쇼	고만 옇어 줘요
L2U-0797	단답주문	조금만 더요	쪼깐만 더라	쪼깐만 더요
L2U-0798	단답주문	많이 주세요	솔찬히 주쇼	많이 줘요
L2U-0799	단답주문	적당히요	알맞게라	알맞게요
L2U-0800	단답주문	이거면 돼요	요거믄 되야	요거믄 되야요
L2U-0801	단답카페	따뜻한 거로요	뜨신 거로라	뜨신 거로요
L2U-0802	단답카페	아이스로요	아이스로라	아이스로요
L2U-0803	단답카페	큰 잔으로요	큰 잔으로라	큰 잔으로요
L2U-0804	단답카페	작은 잔으로요	짝은 잔으로라	작은 잔으로요
L2U-0805	단답카페	얼음 빼 주세요	얼음 빼 주쇼	얼음 빼 줘요
L2U-0806	단답카페	얼음 적게요	얼음 쪼깐허게라	얼음 적게요
L2U-0807	단답카페	얼음 많이요	얼음 솔찬히라	얼음 많이요
L2U-0808	단답카페	시럽 빼고요	시럽 빼고라	시럽 빼고요
L2U-0809	단답카페	시럽 추가요	시럽 추가라	시럽 추가여
L2U-0810	단답카페	샷 추가해 주세요	샷 추가해 주쇼	샷 추가해 줘요
L2U-0811	단답카페	연하게요	슴슴하게라	연허게요
L2U-0812	단답카페	진하게요	찐하게라	진허게요
L2U-0813	단답카페	덜 달게요	안 달게라	안 달게요
L2U-0814	단답카페	휘핑 빼 주세요	휘핑 빼 주쇼	휘핑 빼 줘요
L2U-0815	단답카페	휘핑 많이요	휘핑 솔찬히라	휘핑 많이요
L2U-0816	단답카페	우유로 바꿔 주세요	우유로 바까 주쇼	우유로 바까 줘요
L2U-0817	단답카페	두유로요	두유로라	두유로요
L2U-0818	단답카페	디카페인으로요	디카페인으로라	디카페인으로요
L2U-0819	단답카페	한 잔이요	한 잔이라	한 잔이여
L2U-0820	단답카페	두 잔이요	두 잔이라	두 잔이여
L2U-0821	단답카페	머그잔으로요	머그잔으로라	머그잔으로요
L2U-0822	단답카페	일회용 컵으로요	일회용 컵으로라	일회용 컵으로요
L2U-0823	단답카페	빨대 주세요	빨대 주쇼	빨대 줘요
L2U-0824	단답카페	빨대 됐어요	빨대 됐소	빨대 됐어라
L2U-0825	단답카페	케이크도요	케이크도라	케이크도요
L2U-0826	단답카페	케이크 빼고요	케이크 빼고라	케이크 빼고요
L2U-0827	단답카페	데워 주세요	뎁혀 주쇼	뎁혀 줘요
L2U-0828	단답카페	데우지 마세요	뎁히지 마쇼	뎁히지 마요
L2U-0829	단답카페	따뜻하게요	뜨시게라	뜨시게요
L2U-0830	단답카페	미지근하게요	미적지근하게라	미적지근허게요
L2U-0831	단답결제	포장으로 할게요	싸 가는 걸로 헐라요	싸 가는 걸로 헐게요
L2U-0832	단답결제	먹고 갈게요	묵고 갈라요	먹고 갈게요
L2U-0833	단답결제	포장이요	싸 갈라요	싸 갈게요
L2U-0834	단답결제	매장에서요	여그서 묵을라요	여그서 먹을게요
L2U-0835	단답결제	현금으로요	현금으로라	현금으로요
L2U-0836	단답결제	카드로요	카드로라	카드로요
L2U-0837	단답결제	현금으로 할게요	현금으로 헐라요	현금으로 헐게요
L2U-0838	단답결제	카드로 할게요	카드로 헐라요	카드로 헐게요
L2U-0839	단답결제	적립할게요	적립헐라요	적립헐게요
L2U-0840	단답결제	적립 안 해요	적립 안 헐라요	적립 안 헐게요
L2U-0841	단답결제	쿠폰 쓸게요	쿠폰 쓸라요	쿠폰 쓸게요
L2U-0842	단답결제	쿠폰 없어요	쿠폰 읎소	쿠폰 읎어라
L2U-0843	단답결제	영수증 주세요	영수증 주쇼	영수증 줘요
L2U-0844	단답결제	영수증 됐어요	영수증 됐소	영수증 됐어라
L2U-0845	단답결제	봉투 주세요	봉다리 주쇼	봉다리 줘요
L2U-0846	단답결제	봉투 됐어요	봉다리 됐소	봉다리 됐어라
L2U-0847	단답결제	확인 눌렀어요	확인 눌렀소	확인 눌렀어라
L2U-0848	단답결제	취소할게요	무를라요	물를게요
L2U-0849	단답결제	다음으로요	댐으로라	댐으로요
L2U-0850	단답결제	이전으로요	앞으로라	앞으로요
L2U-0851	단답결제	결제할게요	곈산헐라요	계산헐게요
L2U-0852	단답결제	다시 할게요	다시 헐라요	다시 헐게요
L2U-0853	단답결제	처음으로요	첨으로라	첨으로요
L2U-0854	단답결제	여기 눌러요?	여그 누르요?	여그 눌러요?
L2U-0855	단답결제	이거 맞아요?	요거 맞소?	요거 맞어라?
L2U-0856	단답결제	이거 눌러요	요거 누르쇼	요거 눌러요
L2U-0857	단답결제	다 됐어요	다 됐소	다 됐어라
L2U-0858	단답결제	끝났어요?	끝났당가요?	끝났어라?
L2U-0859	단답결제	카드 꽂을게요	카드 꽂을라요	카드 꽂을게요
L2U-0860	단답결제	카드 뺄게요	카드 뺄라요	카드 뺄게요
L2U-0861	단답결제	비밀번호 누를게요	비번 누를라요	비번 누를게요
L2U-0862	단답결제	금액 맞아요	돈 맞소	돈 맞어라
L2U-0863	단답결제	금액 이상해요	돈 요상허요	돈 요상혀요
L2U-0864	단답결제	잔돈 주세요	거시름돈 주쇼	거시름돈 줘요
L2U-0865	단답결제	잔돈 됐어요	거시름돈 됐소	거시름돈 됐어라
L2U-0866	단답결제	두 개 따로요	두 개 따로라	두 개 따로요
L2U-0867	단답결제	같이 계산이요	같이 곈산이라	같이 계산이여
L2U-0868	단답결제	따로 계산이요	따로 곈산이라	따로 계산이여
L2U-0869	단답결제	합쳐서요	합쳐서라	합쳐서요
L2U-0870	단답결제	현금영수증 해 주세요	현금영수증 해 주쇼	현금영수증 해 줘요
L2U-0871	단답응답	네 맞아요	야 맞소	야 맞어라
L2U-0872	단답응답	아니요	아니라	아니여
L2U-0873	단답응답	그거 아니에요	그거 아니요	그거 아니여라
L2U-0874	단답응답	맞아요	맞소	맞어라
L2U-0875	단답응답	좋아요	좋소	좋어라
L2U-0876	단답응답	싫어요	싫소	싫어라
L2U-0877	단답응답	됐어요	됐소	됐어라
L2U-0878	단답응답	그렇게 해 주세요	그라게 해 주쇼	그라게 해 줘요
L2U-0879	단답응답	그거로요	그거로라	그거로요
L2U-0880	단답응답	이거로요	요거로라	요거로요
L2U-0881	단답응답	잠깐만요	째까만이라	째까만요
L2U-0882	단답응답	천천히요	찬찬히라	찬찬히요
L2U-0883	단답응답	빨리요	후딱이라	후딱이여
L2U-0884	단답응답	다시요	다시라	다시여
L2U-0885	단답응답	그만요	고만이라	고만이여
L2U-0886	단답응답	모르겠어요	모르겄소	모르겄어라
L2U-0887	단답응답	알겠어요	알았소	알었어라
L2U-0888	단답응답	도와주세요	거들어 주쇼	거들어 줘요
L2U-0889	단답응답	다시 해 주세요	다시 해 주쇼	다시 해 줘요
L2U-0890	단답응답	이거 빼 주세요	요거 빼 주쇼	요거 빼 줘요
L2U-0891	단답응답	저거요	저거라	저거여
L2U-0892	단답응답	여기요	여그라	여그여
L2U-0893	단답응답	거기요	거그라	거그여
L2U-0894	단답응답	이쪽이요	요쪽이라	요쪽이여
L2U-0895	단답응답	저쪽이요	저쪽이라	저쪽이여
L2U-0896	단답응답	그게 좋아요	그게 좋소	그게 좋어라
L2U-0897	단답응답	이게 나아요	요게 낫소	요게 낫어라
L2U-0898	단답응답	둘 다요	둘 다라	둘 다요
L2U-0899	단답응답	하나만요	하나만이라	하나만이여
L2U-0900	단답응답	다요	다라	다여
L2U-0901	단답응답	됐고요	됐고라	됐고요
L2U-0902	단답응답	그냥 주세요	기냥 주쇼	기냥 줘요
L2U-0903	단답응답	빨리 주세요	후딱 주쇼	후딱 줘요
L2U-0904	단답응답	천천히 주세요	찬찬히 주쇼	찬찬히 줘요
L2U-0905	단답응답	이만큼요	요만치라	요만치요
L2U-0906	단답응답	그만큼요	그만치라	그만치요
L2U-0907	단답응답	조금만요	쪼깐만이라	쪼깐만요
L2U-0908	단답응답	많이요	솔찬히라	많이요
L2U-0909	단답응답	새 거로요	새 놈으로라	새 거로요
L2U-0910	단답응답	따뜻한 거요	뜨신 거라	뜨신 거여
L2U-0911	단답시장	한 근만요	한 근만이라	한 근만이여
L2U-0912	단답시장	두 근 주세요	두 근 주쇼	두 근 줘요
L2U-0913	단답시장	반 근만요	반 근만이라	반 근만이여
L2U-0914	단답시장	한 봉지요	한 봉다리라	한 봉다리여
L2U-0915	단답시장	두 봉지 주세요	두 봉다리 주쇼	두 봉다리 줘요
L2U-0916	단답시장	깎아 주세요	깎아 주쇼	깎아 줘요
L2U-0917	단답시장	덤 주세요	덤 주쇼	덤 줘요
L2U-0918	단답시장	싱싱한 거로요	싱싱한 놈으로라	싱싱한 거로요
L2U-0919	단답시장	큰 거로요	큰 놈으로라	큰 거로요
L2U-0920	단답시장	작은 거로요	짝은 놈으로라	작은 거로요
L2U-0921	단답시장	이거 다요	요거 다라	요거 다여
L2U-0922	단답시장	반만 주세요	반만 주쇼	반만 줘요
L2U-0923	단답시장	더 주세요	더 주쇼	더 줘요
L2U-0924	단답시장	그만 주세요	고만 주쇼	고만 줘요
L2U-0925	단답시장	봉지에 담아 주세요	봉다리에 담아 주쇼	봉다리에 담아 줘요
L2U-0926	단답시장	나눠 담아 주세요	나놔 담아 주쇼	나놔 담아 줘요
L2U-0927	단답시장	손질해 주세요	손질해 주쇼	손질해 줘요
L2U-0928	단답시장	다듬어 주세요	다듬어 주쇼	다듬어 줘요
L2U-0929	단답시장	얼마예요?	을매요?	을매여?
L2U-0930	단답시장	다 해서 얼마예요?	죄다 해서 을매요?	죄다 해서 을매여?
L2U-0931	단답가게	봉투 주세요	봉다리 주쇼	봉다리 줘요
L2U-0932	단답가게	봉투 큰 거로요	봉다리 큰 놈으로라	봉다리 큰 거로요
L2U-0933	단답가게	데워 주세요	뎁혀 주쇼	뎁혀 줘요
L2U-0934	단답가게	젓가락 주세요	저까락 주쇼	저까락 줘요
L2U-0935	단답가게	빨대 주세요	빨대 주쇼	빨대 줘요
L2U-0936	단답가게	이거 어디 있어요?	요거 어디 있소?	요거 어디 있어라?
L2U-0937	단답가게	새 거로 주세요	새 놈으로 주쇼	새 거로 줘요
L2U-0938	단답가게	두 개 주세요	두 개 주쇼	두 개 줘요
L2U-0939	단답가게	종량제 봉투요	종량제 봉다리라	종량제 봉다리여
L2U-0940	단답가게	얼음 있어요?	얼음 있소?	얼음 있어라?
L2U-0941	단답키오스크	한국어요	한국말이라	한국말이여
L2U-0942	단답키오스크	글씨 크게요	글씨 크게라	글씨 크게요
L2U-0943	단답키오스크	화면 안 돼요	화면 안 되야브요	화면 안 되야요
L2U-0944	단답키오스크	도와주세요	거들어 주쇼	거들어 줘요
L2U-0945	단답키오스크	직원 불러 주세요	직원 불러 주쇼	직원 불러 줘요
L2U-0946	단답키오스크	처음부터요	첨부터라	첨부터요
L2U-0947	단답키오스크	뒤로요	뒤로라	뒤로요
L2U-0948	단답키오스크	다음이요	댐이라	댐이여
L2U-0949	단답키오스크	확인이요	확인이라	확인이여
L2U-0950	단답키오스크	취소요	취소라	취소여
L2U-0951	단답키오스크	이거 눌러요?	요거 누르요?	요거 눌러요?
L2U-0952	단답키오스크	여기 맞아요?	여그 맞소?	여그 맞어라?
L2U-0953	단답키오스크	잘못 눌렀어요	잘못 눌렀소	잘못 눌렀어라
L2U-0954	단답키오스크	다시 누를게요	다시 누를라요	다시 누를게요
L2U-0955	단답키오스크	안 보여요	안 비요	안 비여요
L2U-0956	단답키오스크	천천히 할게요	찬찬히 헐라요	찬찬히 헐게요
L2U-0957	단답키오스크	빨리 해 주세요	후딱 해 주쇼	후딱 해 줘요
L2U-0958	단답키오스크	이거 지워 주세요	요거 지와 주쇼	요거 지와 줘요
L2U-0959	단답키오스크	전부 지워 주세요	죄다 지와 주쇼	죄다 지와 줘요
L2U-0960	단답키오스크	끝낼게요	끝낼라요	끝낼게요
L2U-0961	단답주문	그거 두 개요	그거 두 개라	그거 두 개여
L2U-0962	단답주문	이거 세 개요	요거 세 개라	요거 세 개여
L2U-0963	단답주문	매운맛 하나요	매운맛 하나라	매운맛 하나여
L2U-0964	단답주문	순한맛 하나요	순한맛 하나라	순한맛 하나여
L2U-0965	단답주문	큰 거 하나요	큰 놈 하나라	큰 거 하나여
L2U-0966	단답주문	작은 거 두 개요	짝은 놈 두 개라	작은 거 두 개여
L2U-0967	단답주문	따뜻한 거 하나요	뜨신 놈 하나라	뜨신 거 하나여
L2U-0968	단답주문	차가운 거 두 개요	찬 놈 두 개라	찬 거 두 개여
L2U-0969	단답주문	세트 하나요	세트 하나라	세트 하나여
L2U-0970	단답주문	단품 두 개요	단품 두 개라	단품 두 개여
L2U-0971	단답주문	음료 추가요	음료 추가라	음료 추가여
L2U-0972	단답주문	사이드 하나요	사이드 하나라	사이드 하나여
L2U-0973	단답주문	양 많이요	양 솔찬히라	양 많이요
L2U-0974	단답주문	양 적게요	양 쪼깐허게라	양 적게요
L2U-0975	단답주문	다 빼 주세요	죄다 빼 주쇼	죄다 빼 줘요
L2U-0976	단답주문	다 넣어 주세요	죄다 옇어 주쇼	죄다 옇어 줘요
L2U-0977	단답주문	보통으로요	보통으로라	보통으로요
L2U-0978	단답주문	제일 작은 거요	젤로 짝은 거라	젤로 작은 거여
L2U-0979	단답주문	제일 큰 거요	젤로 큰 거라	젤로 큰 거여
L2U-0980	단답주문	추천해 주세요	추천해 주쇼	추천해 줘요
L2U-0981	단답결제	멤버십 없어요	멤버십 읎소	멤버십 읎어라
L2U-0982	단답결제	전화번호 넣을게요	전화번호 옇을라요	전화번호 옇을게요
L2U-0983	단답결제	포인트로요	포인트로라	포인트로요
L2U-0984	단답결제	카드 됐어요	카드 됐소	카드 됐어라
L2U-0985	단답결제	현금 됐어요	현금 됐소	현금 됐어라
L2U-0986	단답결제	영수증 문자로요	영수증 문자로라	영수증 문자로요
L2U-0987	단답결제	카드 다시 댈게요	카드 다시 댈라요	카드 다시 댈게요
L2U-0988	단답결제	이거 취소요	요거 취소라	요거 취소여
L2U-0989	단답결제	하나 취소요	하나 취소라	하나 취소여
L2U-0990	단답결제	결제 다시요	곈산 다시라	계산 다시여
L2U-0991	단답응답	그거면 돼요	그거믄 되야	그거믄 되야요
L2U-0992	단답응답	이거면 충분해요	요거믄 됐소	요거믄 됐어라
L2U-0993	단답응답	더 없어요	더 읎소	더 읎어라
L2U-0994	단답응답	그게 다예요	그게 다요	그게 다여라
L2U-0995	단답응답	빼 주면 돼요	빼 주믄 되야	빼 주믄 되야요
L2U-0996	단답응답	넣어 주면 돼요	옇어 주믄 되야	옇어 주믄 되야요
L2U-0997	단답응답	그렇게요	그라게라	그라게요
L2U-0998	단답응답	이렇게요	요라게라	요라게요
L2U-0999	단답응답	다 됐어요	다 됐소	다 됐어라
L2U-1000	단답응답	고맙습니다	고맙소잉	고맙구만요
